targetid,ordernumber,organism,species,sample_id,sample_id_old,site,annotation,orig_x,orig_y,orig_z,world_x,world_y,world_z,agisoft_x,agisoft_y,agisoft_z,clone_lineage,clade,shape_id,lat,lon
3690960,DMadr24-8994,Madracis,-,DH0001_MMIR_SNA,DH0001_MMIR_SNA_SHA,Snake Bay,A,-33.4312,-228.153,34.0232,-13.78526594,4.182237389,-8.468810354,-33.4312,-228.153,34.0232,1,Major,30_sna,12.138986,-68.997639
3691535,DMadr24-8994,Madracis,-,DH0001_MMIR_SNA,DH0001_MMIR_SNA_SHA,Snake Bay,,,,,,,,,,,1,Major,30_sna,12.138986,-68.997639
3690968,DMadr24-8994,Madracis,-,DH0002_MMIR_SNA,DH0002_MMIR_SNA_SHA,Snake Bay,B,-34.2452,-227.61,33.6376,-14.24834678,4.516906052,-8.738141377,-34.2452,-227.61,33.6376,2,Major,30_sna,12.138986,-68.997639
3691543,DMadr24-8994,Madracis,-,DH0002_MMIR_SNA,DH0002_MMIR_SNA_SHA,Snake Bay,,,,,,,,,,,2,Major,30_sna,12.138986,-68.997639
3690976,DMadr24-8994,Madracis,-,DH0003_MMIR_SNA,DH0003_MMIR_SNA_SHA,Snake Bay,C,-35.7608,-228.147,34.0095,-15.17435424,4.178386944,-8.636298553,-35.7608,-228.147,34.0095,3,Major,30_sna,12.138986,-68.997639
3691551,DMadr24-8994,Madracis,-,DH0003_MMIR_SNA,DH0003_MMIR_SNA_SHA,Snake Bay,,,,,,,,,,,3,Major,30_sna,12.138986,-68.997639
3690984,DMadr24-8994,Madracis,-,DH0004_MMIR_SNA,DH0004_MMIR_SNA_SHA,Snake Bay,D,-32.8539,-228.75,34.0687,-13.43984802,3.824718722,-8.419969997,-32.8539,-228.75,34.0687,3,Major,30_sna,12.138986,-68.997639
3690992,DMadr24-8994,Madracis,-,DH0005_MMIR_SNA,DH0005_MMIR_SNA_SHA,Snake Bay,E,-34.14025888,-229.1076952,34.96781585,-14.26626047,3.578494944,-7.982903917,-34.14025888,-229.1076952,34.96781585,3,Major,30_sna,12.138986,-68.997639
3691000,DMadr24-8994,Madracis,-,DH0006_MMIR_SNA,DH0006_MMIR_SNA_SHA,Snake Bay,F,-35.7034,-229.611,35.2992,-15.21809989,3.261257579,-7.907455862,-35.7034,-229.611,35.2992,3,Major,30_sna,12.138986,-68.997639
3705675,DMadr24-8994,Madracis,-,DH0007_MMIR_SNA,DH0007_MMIR_SNA_SHA,Snake Bay,G,-37.0251,-230.074,35.1485,-15.9932718,2.983665502,-8.101561182,-37.0251,-230.074,35.1485,3,Major,30_sna,12.138986,-68.997639
3705770,DMadr24-8994,Madracis,-,DH0007_MMIR_SNA,DH0007_MMIR_SNA_SHA,Snake Bay,,,,,,,,,,,3,Major,30_sna,12.138986,-68.997639
3705683,DMadr24-8994,Madracis,-,DH0008_MMIR_SNA,DH0008_MMIR_SNA_SHA,Snake Bay,H,-37.44289537,-231.6180937,35.64460421,-16.26586984,2.041015601,-7.880566081,-37.44289537,-231.6180937,35.64460421,4,Major,30_sna,12.138986,-68.997639
3705691,DMadr24-8994,Madracis,-,DH0009_MMIR_SNA,DH0009_MMIR_SNA_SHA,Snake Bay,I,-32.7001,-230.041,34.7672,-13.38692804,3.029653455,-8.03167966,-32.7001,-230.041,34.7672,0,Major,30_sna,12.138986,-68.997639
3705699,DMadr24-8994,Madracis,-,DH0010_MMIR_SNA,DH0010_MMIR_SNA_SHA,Snake Bay,J1,-34.2042,-230.496,36.1152,-14.373214,2.710684672,-7.344921806,-34.2042,-230.496,36.1152,3,Major,30_sna,12.138986,-68.997639
3705707,DMadr24-8994,Madracis,-,DH0011_MMIR_SNA,DH0011_MMIR_SNA_SHA,Snake Bay,K,-36.5559,-231.288,36.4594,-15.7944624,2.217233819,-7.324435511,-36.5559,-231.288,36.4594,3,Major,30_sna,12.138986,-68.997639
3705715,DMadr24-8994,Madracis,-,DH0012_MMIR_SNA,DH0012_MMIR_SNA_SHA,Snake Bay,L,-32.3602,-231.528,35.2897,-13.20962829,2.123004652,-7.741374429,-32.3602,-231.528,35.2897,3,Major,30_sna,12.138986,-68.997639
3705775,DMadr24-8994,Madracis,-,DH0012_MMIR_SNA,DH0012_MMIR_SNA_SHA,Snake Bay,,,,,,,,,,,3,Major,30_sna,12.138986,-68.997639
3690961,DMadr24-8994,Madracis,-,DH0013_MMIR_SNA,DH0013_MMIR_SNA_SHA,Snake Bay,M,-33.4973,-231.578,36.4218,-13.96497315,2.054760008,-7.146073192,-33.4973,-231.578,36.4218,6,Major,30_sna,12.138986,-68.997639
3691536,DMadr24-8994,Madracis,-,DH0013_MMIR_SNA,DH0013_MMIR_SNA_SHA,Snake Bay,,,,,,,,,,,6,Major,30_sna,12.138986,-68.997639
3690969,DMadr24-8994,Madracis,-,DH0014_MMIR_SNA,DH0014_MMIR_SNA_SHA,Snake Bay,N,-33.5947,-231.434,36.3758,-14.02093169,2.142201701,-7.175860875,-33.5947,-231.434,36.3758,0,Major,30_sna,12.138986,-68.997639
3691544,DMadr24-8994,Madracis,-,DH0014_MMIR_SNA,DH0014_MMIR_SNA_SHA,Snake Bay,,,,,,,,,,,0,Major,30_sna,12.138986,-68.997639
3690977,DMadr24-8994,Madracis,-,DH0015_MMIR_SNA,DH0015_MMIR_SNA_SHA,Snake Bay,O,-36.37111936,-232.0448965,36.63613001,-15.69110712,1.75849352,-7.229034513,-36.37111936,-232.0448965,36.63613001,3,Major,30_sna,12.138986,-68.997639
3691552,DMadr24-8994,Madracis,-,DH0015_MMIR_SNA,DH0015_MMIR_SNA_SHA,Snake Bay,,,,,,,,,,,3,Major,30_sna,12.138986,-68.997639
3690985,DMadr24-8994,Madracis,-,DH0016_MMIR_SNA,DH0016_MMIR_SNA_SHA,Snake Bay,P1,-37.3515,-232.757,36.3263,-16.25007468,1.337477315,-7.502027526,-37.3515,-232.757,36.3263,4,Major,30_sna,12.138986,-68.997639
3690993,DMadr24-8994,Madracis,-,DH0017_MMIR_SNA,DH0017_MMIR_SNA_SHA,Snake Bay,Q,-34.3662,-234.136,36.4808,-14.47000171,0.515726603,-7.246677447,-34.3662,-234.136,36.4808,4,Major,30_sna,12.138986,-68.997639
3691001,DMadr24-8994,Madracis,-,DH0018_MMIR_SNA,DH0018_MMIR_SNA_SHA,Snake Bay,R,-46.8011,-226.9,35.3571,-21.86209386,4.848103258,-8.551954444,-46.8011,-226.9,35.3571,8,Major,37_sna,12.138986,-68.997639
3705676,DMadr24-8994,Madracis,-,DH0019_MMIR_SNA,DH0019_MMIR_SNA_SHA,Snake Bay,S,-63.5114,-231.648,38.6109,-32.02206639,1.844885782,-7.898624143,-63.5114,-231.648,38.6109,9,Major,38_sna,12.138986,-68.997639
3705782,DMadr24-8994,Madracis,-,DH0019_MMIR_SNA,DH0019_MMIR_SNA_SHA,Snake Bay,,,,,,,,,,,9,Major,38_sna,12.138986,-68.997639
3705684,DMadr24-8994,Madracis,-,DH0020_MMIR_SNA,DH0020_MMIR_SNA_SHA,Snake Bay,T,-84.2091,-228.807,39.9465,-44.48204764,3.438451455,-8.435125071,-84.2091,-228.807,39.9465,177,Minor,39_sna,12.138986,-68.997639
3705692,DMadr24-8994,Madracis,-,DH0021_MMIR_SNA,DH0021_MMIR_SNA_SHA,Snake Bay,U,-84.1765,-226.61,39.0034,-44.41324056,4.785006794,-8.929402043,-84.1765,-226.61,39.0034,177,Minor,40_sna,12.138986,-68.997639
3705700,DMadr24-8994,Madracis,-,DH0022_MMIR_SNA,DH0022_MMIR_SNA_SHA,Snake Bay,V,-86.26,-226.661,39.7135,-45.70447351,4.725795347,-8.650409148,-86.26,-226.661,39.7135,177,Minor,40_sna,12.138986,-68.997639
3705708,DMadr24-8994,Madracis,-,DH0023_MMIR_SNA,DH0023_MMIR_SNA_SHA,Snake Bay,W,-89.5022,-226.688,39.6885,-47.63707911,4.699413445,-8.888099111,-89.5022,-226.688,39.6885,177,Minor,42_sna,12.138986,-68.997639
3705716,DMadr24-8994,Madracis,-,DH0024_MMIR_SNA,DH0024_MMIR_SNA_SHA,Snake Bay,X,-88.2186,-228.049,40.2738,-46.90185267,3.869617588,-8.491999624,-88.2186,-228.049,40.2738,177,Minor,41_sna,12.138986,-68.997639
3705787,DMadr24-8994,Madracis,-,DH0024_MMIR_SNA,DH0024_MMIR_SNA_SHA,Snake Bay,,,,,,,,,,,177,Minor,41_sna,12.138986,-68.997639
3690962,DMadr24-8994,Madracis,-,DH0025_MMIR_SNA,DH0025_MMIR_SNA_SHA,Snake Bay,Y,-90.3107,-228.945,40.659,-48.17029564,3.313416973,-8.432407089,-90.3107,-228.945,40.659,10,Major,43_sna,12.138986,-68.997639
3691537,DMadr24-8994,Madracis,-,DH0025_MMIR_SNA,DH0025_MMIR_SNA_SHA,Snake Bay,,,,,,,,,,,10,Major,43_sna,12.138986,-68.997639
3690970,DMadr24-8994,Madracis,-,DH0026_MMIR_SNA,DH0026_MMIR_SNA_SHA,Snake Bay,Z,-91.9678,-229.205,41.2809,-49.19967151,3.132966808,-8.183011837,-91.9678,-229.205,41.2809,10,Major,44_sna,12.138986,-68.997639
3691545,DMadr24-8994,Madracis,-,DH0026_MMIR_SNA,DH0026_MMIR_SNA_SHA,Snake Bay,,,,,,,,,,,10,Major,44_sna,12.138986,-68.997639
3690978,DMadr24-8994,Madracis,-,DH0027_MMIR_SNA,DH0027_MMIR_SNA_SHA,Snake Bay,A1,-88.4392,-240.129,43.5852,-47.17701668,-3.477458614,-6.893946863,-88.4392,-240.129,43.5852,11,Major,13_sna,12.138986,-68.997639
3691553,DMadr24-8994,Madracis,-,DH0027_MMIR_SNA,DH0027_MMIR_SNA_SHA,Snake Bay,,,,,,,,,,,11,Major,13_sna,12.138986,-68.997639
3690986,DMadr24-8994,Madracis,-,DH0028_MMIR_SNA,DH0028_MMIR_SNA_SHA,Snake Bay,B1,-89.6385,-240.602,43.7797,-47.9026357,-3.771129292,-6.874256476,-89.6385,-240.602,43.7797,11,Major,16_sna,12.138986,-68.997639
3690994,DMadr24-8994,Madracis,-,DH0029_MMIR_SNA,DH0029_MMIR_SNA_SHA,Snake Bay,D1,-91.1997,-240.437,45.2569,-48.93602975,-3.722338168,-6.095928019,-91.1997,-240.437,45.2569,11,Major,13_sna,12.138986,-68.997639
3691002,DMadr24-8994,Madracis,-,DH0030_MMIR_SNA,DH0030_MMIR_SNA_SHA,Snake Bay,E1,-91.3495,-241.789,45.3863,-49.02502119,-4.537716552,-6.069384458,-91.3495,-241.789,45.3863,11,Major,13_sna,12.138986,-68.997639
3705677,DMadr24-8994,Madracis,-,DH0031_MMIR_SNA,DH0031_MMIR_SNA_SHA,Snake Bay,F1,-89.2933,-242.497,45.6996,-47.81471152,-4.964961276,-5.763007765,-89.2933,-242.497,45.6996,12,Major,13_sna,12.138986,-68.997639
3705794,DMadr24-8994,Madracis,-,DH0031_MMIR_SNA,DH0031_MMIR_SNA_SHA,Snake Bay,,,,,,,,,,,12,Major,13_sna,12.138986,-68.997639
3705685,DMadr24-8994,Madracis,-,DH0032_MMIR_SNA,DH0032_MMIR_SNA_SHA,Snake Bay,G1,-87.7403,-243.312,45.3462,-46.85843587,-5.43781721,-5.891577941,-87.7403,-243.312,45.3462,11,Major,13_sna,12.138986,-68.997639
3705693,DMadr24-8994,Madracis,-,DH0033_MMIR_SNA,DH0033_MMIR_SNA_SHA,Snake Bay,H1,-85.5806,-243.471,44.4443,-45.50722307,-5.498477359,-6.285913627,-85.5806,-243.471,44.4443,1,Major,15_sna,12.138986,-68.997639
3705701,DMadr24-8994,Madracis,-,DH0034_MMIR_SNA,DH0034_MMIR_SNA_SHA,Snake Bay,I1,-84.6371,-242.871,44.0797,-44.92349281,-5.124323992,-6.420698234,-84.6371,-242.871,44.0797,1,Major,NA,12.138986,-68.997639
3705709,DMadr24-8994,Madracis,-,DH0035_MMIR_SNA,DH0035_MMIR_SNA_SHA,Snake Bay,I1,-84.6371,-242.871,44.0797,-44.92349281,-5.124323992,-6.420698234,-84.6371,-242.871,44.0797,1,Major,NA,12.138986,-68.997639
3705717,DMadr24-8994,Madracis,-,DH0036_MMIR_SNA,DH0036_MMIR_SNA_SHA,Snake Bay,J2,-86.1718,-245.01,44.9796,-45.88599324,-6.439849035,-6.053281544,-86.1718,-245.01,44.9796,1,Major,13_sna,12.138986,-68.997639
3705799,DMadr24-8994,Madracis,-,DH0036_MMIR_SNA,DH0036_MMIR_SNA_SHA,Snake Bay,,,,,,,,,,,1,Major,13_sna,12.138986,-68.997639
3690963,DMadr24-8994,Madracis,-,DH0037_MMIR_SNA,DH0037_MMIR_SNA_SHA,Snake Bay,L1,-87.782,-244.485,45.3292,-46.87416211,-6.14101472,-5.939539199,-87.782,-244.485,45.3292,11,Major,13_sna,12.138986,-68.997639
3691538,DMadr24-8994,Madracis,-,DH0037_MMIR_SNA,DH0037_MMIR_SNA_SHA,Snake Bay,,,,,,,,,,,11,Major,13_sna,12.138986,-68.997639
3690971,DMadr24-8994,Madracis,-,DH0038_MMIR_SNA,DH0038_MMIR_SNA_SHA,Snake Bay,M1,-90.0985,-243.833,45.736,-48.28852009,-5.770128542,-5.836282071,-90.0985,-243.833,45.736,1,Major,13_sna,12.138986,-68.997639
3691546,DMadr24-8994,Madracis,-,DH0038_MMIR_SNA,DH0038_MMIR_SNA_SHA,Snake Bay,,,,,,,,,,,1,Major,13_sna,12.138986,-68.997639
3690979,DMadr24-8994,Madracis,-,DH0039_MMIR_SNA,DH0039_MMIR_SNA_SHA,Snake Bay,Q1,-90.8766,-245.268,46.0512,-48.76450174,-6.64306049,-5.744508822,-90.8766,-245.268,46.0512,11,Major,NA,12.138986,-68.997639
3691554,DMadr24-8994,Madracis,-,DH0039_MMIR_SNA,DH0039_MMIR_SNA_SHA,Snake Bay,,,,,,,,,,,11,Major,NA,12.138986,-68.997639
3690987,DMadr24-8994,Madracis,-,DH0040_MMIR_SNA,DH0040_MMIR_SNA_SHA,Snake Bay,N1,-87.9798,-246.588,46.1269,-47.03226035,-7.427325952,-5.54041786,-87.9798,-246.588,46.1269,12,Major,13_sna,12.138986,-68.997639
3690995,DMadr24-8994,Madracis,-,DH0041_MMIR_SNA,DH0041_MMIR_SNA_SHA,Snake Bay,O1,-86.3496,-245.785,46.1121,-46.06404684,-6.939726825,-5.413678009,-86.3496,-245.785,46.1121,1,Major,13_sna,12.138986,-68.997639
3691003,DMadr24-8994,Madracis,-,DH0042_MMIR_SNA,DH0042_MMIR_SNA_SHA,Snake Bay,R1,-84.783,-245.972,45.0163,-45.05329674,-7.013289728,-5.965006819,-84.783,-245.972,45.0163,1,Major,13_sna,12.138986,-68.997639
3705678,DMadr24-8994,Madracis,-,DH0043_MMIR_SNA,DH0043_MMIR_SNA_SHA,Snake Bay,S1,-88.3712,-247.861,46.3653,-47.27337864,-8.199448852,-5.463104753,-88.3712,-247.861,46.3653,11,Major,13_sna,12.138986,-68.997639
3705806,DMadr24-8994,Madracis,-,DH0043_MMIR_SNA,DH0043_MMIR_SNA_SHA,Snake Bay,,,,,,,,,,,11,Major,13_sna,12.138986,-68.997639
3705686,DMadr24-8994,Madracis,-,DH0044_MMIR_SNA,DH0044_MMIR_SNA_SHA,Snake Bay,T1,-89.39450361,-248.3255959,46.78671701,-47.90952307,-8.49438255,-5.295888091,-89.39450361,-248.3255959,46.78671701,11,Major,13_sna,12.138986,-68.997639
3705694,DMadr24-8994,Madracis,-,DH0045_MMIR_SNA,DH0045_MMIR_SNA_SHA,Snake Bay,U1,-90.7738,-250.104,47.0726,-48.73987494,-9.574429338,-5.272987573,-90.7738,-250.104,47.0726,1,Major,13_sna,12.138986,-68.997639
3705702,DMadr24-8994,Madracis,-,DH0046_MMIR_SNA,DH0046_MMIR_SNA_SHA,Snake Bay,V1,-88.5165,-249.607,46.5766,-47.3625862,-9.253625658,-5.39919473,-88.5165,-249.607,46.5766,1,Major,13_sna,12.138986,-68.997639
3705710,DMadr24-8994,Madracis,-,DH0047_MMIR_SNA,DH0047_MMIR_SNA_SHA,Snake Bay,W1,-86.49019356,-249.2813024,46.33696257,-46.13944166,-9.044143496,-5.393552345,-86.49019356,-249.2813024,46.33696257,1,Major,14_sna,12.138986,-68.997639
3705718,DMadr24-8994,Madracis,-,DH0048_MMIR_SNA,DH0048_MMIR_SNA_SHA,Snake Bay,X1,-90.2661,-251.153,47.3513,-48.44881081,-10.21038482,-5.103420126,-90.2661,-251.153,47.3513,1,Major,13_sna,12.138986,-68.997639
3705811,DMadr24-8994,Madracis,-,DH0048_MMIR_SNA,DH0048_MMIR_SNA_SHA,Snake Bay,,,,,,,,,,,1,Major,13_sna,12.138986,-68.997639
3690964,DMadr24-8994,Madracis,-,DH0049_MMIR_SNA,DH0049_MMIR_SNA_SHA,Snake Bay,Y1,-88.5073,-251.072,47.0678,-47.38061724,-10.1472438,-5.149528334,-88.5073,-251.072,47.0678,11,Major,13_sna,12.138986,-68.997639
3691539,DMadr24-8994,Madracis,-,DH0049_MMIR_SNA,DH0049_MMIR_SNA_SHA,Snake Bay,,,,,,,,,,,11,Major,13_sna,12.138986,-68.997639
3690972,DMadr24-8994,Madracis,-,DH0050_MMIR_SNA,DH0050_MMIR_SNA_SHA,Snake Bay,Z1,-86.8726,-251.23,47.0773,-46.4048263,-10.23678262,-5.03665359,-86.8726,-251.23,47.0773,11,Major,13_sna,12.138986,-68.997639
3691547,DMadr24-8994,Madracis,-,DH0050_MMIR_SNA,DH0050_MMIR_SNA_SHA,Snake Bay,,,,,,,,,,,11,Major,13_sna,12.138986,-68.997639
3690980,DMadr24-8994,Madracis,-,DH0051_MMIR_SNA,DH0051_MMIR_SNA_SHA,Snake Bay,A2,-85.6283,-251.63,47.1473,-45.66444927,-10.47463202,-4.921670983,-85.6283,-251.63,47.1473,13,Major,11_sna,12.138986,-68.997639
3690988,DMadr24-8994,Madracis,-,DH0052_MMIR_SNA,DH0052_MMIR_SNA_SHA,Snake Bay,B2,-82.2147,-252.385,46.0006,-43.5443226,-10.88110164,-5.393808187,-82.2147,-252.385,46.0006,14,Major,10_sna,12.138986,-68.997639
3690996,DMadr24-8994,Madracis,-,DH0053_MMIR_SNA,DH0053_MMIR_SNA_SHA,Snake Bay,C1,-86.61208313,-253.3643712,47.05462052,-46.23329154,-11.51542414,-5.095972491,-86.61208313,-253.3643712,47.05462052,13,Major,9_sna,12.138986,-68.997639
3691004,DMadr24-8994,Madracis,-,DH0054_MMIR_SNA,DH0054_MMIR_SNA_SHA,Snake Bay,D2,-86.5005,-254.756,47.0671,-46.15808039,-12.35013532,-5.12239007,-86.5005,-254.756,47.0671,13,Major,7_sna,12.138986,-68.997639
3705679,DMadr24-8994,Madracis,-,DH0055_MMIR_SNA,DH0055_MMIR_SNA_SHA,Snake Bay,E2,-84.4126,-255.407,46.8401,-44.8923904,-12.72665932,-5.134121791,-84.4126,-255.407,46.8401,1,Major,8_sna,12.138986,-68.997639
3705818,DMadr24-8994,Madracis,-,DH0055_MMIR_SNA,DH0055_MMIR_SNA_SHA,Snake Bay,,,,,,,,,,,1,Major,8_sna,12.138986,-68.997639
3705687,DMadr24-8994,Madracis,-,DH0056_MMIR_SNA,DH0056_MMIR_SNA_SHA,Snake Bay,F2,-54.3229,-235.637,39.2075,-26.55315177,-0.534855705,-7.032917684,-54.3229,-235.637,39.2075,0,Major,25_sna,12.138986,-68.997639
3705695,DMadr24-8994,Madracis,-,DH0057_MMIR_SNA,DH0057_MMIR_SNA_SHA,Snake Bay,G2,-44.1261,-240.842,39.0838,-20.42520293,-3.618661372,-6.563677511,-44.1261,-240.842,39.0838,16,Major,24_sna,12.138986,-68.997639
3705703,DMadr24-8994,Madracis,-,DH0058_MMIR_SNA,DH0058_MMIR_SNA_SHA,Snake Bay,H2,-42.75216491,-240.198556,39.00392964,-19.6043667,-3.225652211,-6.498018154,-42.75216491,-240.198556,39.00392964,10,Major,24_sna,12.138986,-68.997639
3705711,DMadr24-8994,Madracis,-,DH0059_MMIR_SNA,DH0059_MMIR_SNA_SHA,Snake Bay,I2,-41.2889,-240.54,39.1158,-18.73659694,-3.428912824,-6.341345896,-41.2889,-240.54,39.1158,10,Major,24_sna,12.138986,-68.997639
3705719,DMadr24-8994,Madracis,-,DH0060_MMIR_SNA,DH0060_MMIR_SNA_SHA,Snake Bay,J3,-40.30439014,-240.4648011,38.59342801,-18.1140589,-3.364604168,-6.582990984,-40.30439014,-240.4648011,38.59342801,10,Major,24_sna,12.138986,-68.997639
3705823,DMadr24-8994,Madracis,-,DH0060_MMIR_SNA,DH0060_MMIR_SNA_SHA,Snake Bay,,,,,,,,,,,10,Major,24_sna,12.138986,-68.997639
3690965,DMadr24-8994,Madracis,-,DH0061_MMIR_SNA,DH0061_MMIR_SNA_SHA,Snake Bay,K1,-40.75911268,-241.9004004,39.14401747,-18.41314594,-4.24395937,-6.328820089,-40.75911268,-241.9004004,39.14401747,11,Major,24_sna,12.138986,-68.997639
3691540,DMadr24-8994,Madracis,-,DH0061_MMIR_SNA,DH0061_MMIR_SNA_SHA,Snake Bay,,,,,,,,,,,11,Major,24_sna,12.138986,-68.997639
3690973,DMadr24-8994,Madracis,-,DH0062_MMIR_SNA,DH0062_MMIR_SNA_SHA,Snake Bay,K1,-40.75911268,-241.9004004,39.14401747,-18.41314594,-4.24395937,-6.328820089,-40.75911268,-241.9004004,39.14401747,11,Major,24_sna,12.138986,-68.997639
3691548,DMadr24-8994,Madracis,-,DH0062_MMIR_SNA,DH0062_MMIR_SNA_SHA,Snake Bay,,,,,,,,,,,11,Major,24_sna,12.138986,-68.997639
3690981,DMadr24-8994,Madracis,-,DH0063_MMIR_SNA,DH0063_MMIR_SNA_SHA,Snake Bay,L2,-42.58243873,-241.7291514,39.21478324,-19.50704807,-4.149550613,-6.406382224,-42.58243873,-241.7291514,39.21478324,17,Major,24_sna,12.138986,-68.997639
3690989,DMadr24-8994,Madracis,-,DH0064_MMIR_SNA,DH0064_MMIR_SNA_SHA,Snake Bay,M2,-44.4979,-242.252,39.8906,-20.69246429,-4.490170552,-6.150383451,-44.4979,-242.252,39.8906,18,Major,24_sna,12.138986,-68.997639
3690997,DMadr24-8994,Madracis,-,DH0065_MMIR_SNA,DH0065_MMIR_SNA_SHA,Snake Bay,N2,-45.805,-242.458,39.7619,-21.46217726,-4.614231741,-6.322715798,-45.805,-242.458,39.7619,10,Major,23_sna,12.138986,-68.997639
3691005,DMadr24-8994,Madracis,-,DH0066_MMIR_SNA,DH0066_MMIR_SNA_SHA,Snake Bay,O2,-44.2893,-243.694,40.172,-20.57736709,-5.362942121,-6.011403874,-44.2893,-243.694,40.172,18,Major,24_sna,12.138986,-68.997639
3705680,DMadr24-8994,Madracis,-,DH0067_MMIR_SNA,DH0067_MMIR_SNA_SHA,Snake Bay,P3,-43.2124,-244.03,40.121,-19.92905376,-5.559290793,-5.978081465,-43.2124,-244.03,40.121,18,Major,24_sna,12.138986,-68.997639
3705830,DMadr24-8994,Madracis,-,DH0067_MMIR_SNA,DH0067_MMIR_SNA_SHA,Snake Bay,,,,,,,,,,,18,Major,24_sna,12.138986,-68.997639
3705688,DMadr24-8994,Madracis,-,DH0068_MMIR_SNA,DH0068_MMIR_SNA_SHA,Snake Bay,Q2,-40.95375061,-244.1805472,40.00368947,-18.5723773,-5.638397699,-5.897833567,-40.95375061,-244.1805472,40.00368947,10,Major,24_sna,12.138986,-68.997639
3705696,DMadr24-8994,Madracis,-,DH0069_MMIR_SNA,DH0069_MMIR_SNA_SHA,Snake Bay,R2,-44.684,-247.459,40.9593,-20.84091065,-7.646481098,-5.681517456,-44.684,-247.459,40.9593,10,Major,1_sna,12.138986,-68.997639
3705704,DMadr24-8994,Madracis,-,DH0070_MMIR_SNA,DH0070_MMIR_SNA_SHA,Snake Bay,S2,-44.4406,-248.469,40.7087,-20.67170556,-8.243846204,-5.844306463,-44.4406,-248.469,40.7087,10,Major,1_sna,12.138986,-68.997639
3705712,DMadr24-8994,Madracis,-,DH0071_MMIR_SNA,DH0071_MMIR_SNA_SHA,Snake Bay,U2,-50.7037,-243.451,40.467,-24.42636925,-5.247814652,-6.267541161,-50.7037,-243.451,40.467,6,Major,22_sna,12.138986,-68.997639
3705720,DMadr24-8994,Madracis,-,DH0072_MMIR_SNA,DH0072_MMIR_SNA_SHA,Snake Bay,V2,-49.0348,-243.703,40.1572,-23.40775189,-5.383913374,-6.345406554,-49.0348,-243.703,40.1572,0,Major,27_sna,12.138986,-68.997639
3705835,DMadr24-8994,Madracis,-,DH0072_MMIR_SNA,DH0072_MMIR_SNA_SHA,Snake Bay,,,,,,,,,,,0,Major,27_sna,12.138986,-68.997639
3690966,DMadr24-8994,Madracis,-,DH0073_MMIR_SNA,DH0073_MMIR_SNA_SHA,Snake Bay,W2,-50.5582,-243.383,40.4519,-24.33898853,-5.206077482,-6.264549987,-50.5582,-243.383,40.4519,3,Major,22_sna,12.138986,-68.997639
3691541,DMadr24-8994,Madracis,-,DH0073_MMIR_SNA,DH0073_MMIR_SNA_SHA,Snake Bay,,,,,,,,,,,3,Major,22_sna,12.138986,-68.997639
3690974,DMadr24-8994,Madracis,-,DH0074_MMIR_SNA,DH0074_MMIR_SNA_SHA,Snake Bay,X2,-55.3613,-239.504,40.0192,-27.20173529,-2.882490142,-6.735604846,-55.3613,-239.504,40.0192,3,Major,26_sna,12.138986,-68.997639
3691549,DMadr24-8994,Madracis,-,DH0074_MMIR_SNA,DH0074_MMIR_SNA_SHA,Snake Bay,,,,,,,,,,,3,Major,26_sna,12.138986,-68.997639
3690982,DMadr24-8994,Madracis,-,DH0075_MMIR_SNA,DH0075_MMIR_SNA_SHA,Snake Bay,Y2,-59.59870808,-242.1217592,41.52394453,-29.81483094,-4.51269059,-6.207070082,-59.59870808,-242.1217592,41.52394453,9,Major,21_sna,12.138986,-68.997639
3690990,DMadr24-8994,Madracis,-,DH0076_MMIR_SNA,DH0076_MMIR_SNA_SHA,Snake Bay,Z2,-59.6156,-243.334,41.7887,-29.83470665,-5.247906384,-6.086597625,-59.6156,-243.334,41.7887,20,Major,20_sna,12.138986,-68.997639
3690998,DMadr24-8994,Madracis,-,DH0077_MMIR_SNA,DH0077_MMIR_SNA_SHA,Snake Bay,A3,-65.0838,-243.638,42.5538,-33.14748597,-5.471969173,-6.01411601,-65.0838,-243.638,42.5538,9,Major,17_sna,12.138986,-68.997639
3691006,DMadr24-8994,Madracis,-,DH0078_MMIR_SNA,DH0078_MMIR_SNA_SHA,Snake Bay,B3,-64.6939,-245.137,42.9307,-32.93033978,-6.381220712,-5.807511905,-64.6939,-245.137,42.9307,9,Major,17_sna,12.138986,-68.997639
3705681,DMadr24-8994,Madracis,-,DH0079_MMIR_SNA,DH0079_MMIR_SNA_SHA,Snake Bay,C2,-66.1515,-243.004,41.9411,-33.74706917,-5.076671024,-6.433438626,-66.1515,-243.004,41.9411,9,Major,19_sna,12.138986,-68.997639
3705842,DMadr24-8994,Madracis,-,DH0079_MMIR_SNA,DH0079_MMIR_SNA_SHA,Snake Bay,,,,,,,,,,,9,Major,19_sna,12.138986,-68.997639
3705689,DMadr24-8994,Madracis,-,DH0080_MMIR_SNA,DH0080_MMIR_SNA_SHA,Snake Bay,D3,-65.9049,-243.672,42.3284,-33.62179787,-5.488283021,-6.205670374,-65.9049,-243.672,42.3284,9,Major,17_sna,12.138986,-68.997639
3705697,DMadr24-8994,Madracis,-,DH0081_MMIR_SNA,DH0081_MMIR_SNA_SHA,Snake Bay,E3,-66.8421,-245.009,42.8142,-34.20501314,-6.30815719,-6.020203454,-66.8421,-245.009,42.8142,9,Major,18_sna,12.138986,-68.997639
3705705,DMadr24-8994,Madracis,-,DH0082_MMIR_SNA,DH0082_MMIR_SNA_SHA,Snake Bay,F3,-88.3993,-261.018,48.4424,-47.34215133,-16.15434538,-4.619535441,-88.3993,-261.018,48.4424,1,Major,6_sna,12.138986,-68.997639
3705713,DMadr24-8994,Madracis,-,DH0083_MMIR_SNA,DH0083_MMIR_SNA_SHA,Snake Bay,G3,-87.3137,-262.849,48.3192,-46.67353256,-17.24518117,-4.673219675,-87.3137,-262.849,48.3192,1,Major,4_sna,12.138986,-68.997639
3705721,DMadr24-8994,Madracis,-,DH0084_MMIR_SNA,DH0084_MMIR_SNA_SHA,Snake Bay,H3,-86.222,-263.613,48.4033,-46.02268685,-17.70230416,-4.571136141,-86.222,-263.613,48.4033,1,Major,3_sna,12.138986,-68.997639
3705847,DMadr24-8994,Madracis,-,DH0084_MMIR_SNA,DH0084_MMIR_SNA_SHA,Snake Bay,,,,,,,,,,,1,Major,3_sna,12.138986,-68.997639
3690967,DMadr24-8994,Madracis,-,DH0085_MMIR_SNA,DH0085_MMIR_SNA_SHA,Snake Bay,I3,-86.3802,-265.486,48.5297,-46.11293458,-18.83011911,-4.562490177,-86.3802,-265.486,48.5297,3,Major,2_sna,12.138986,-68.997639
3691542,DMadr24-8994,Madracis,-,DH0085_MMIR_SNA,DH0085_MMIR_SNA_SHA,Snake Bay,,,,,,,,,,,3,Major,2_sna,12.138986,-68.997639
3690975,DMadr24-8994,Madracis,-,DH0086_MMIR_KAL,DH0086_MMIR_KAL_SHA,Playa Kalki,A,27.8543,-21.2487,-19.3366,42.78129492,8.563869982,-6.700137828,21.78831869,10.044435,-5.837259053,3,Major,97_kal,12.375406,-69.159081
3691550,DMadr24-8994,Madracis,-,DH0086_MMIR_KAL,DH0086_MMIR_KAL_SHA,Playa Kalki,,,,,,,,,,,3,Major,97_kal,12.375406,-69.159081
3690983,DMadr24-8994,Madracis,-,DH0087_MMIR_KAL,DH0087_MMIR_KAL_SHA,Playa Kalki,B,28.9842,-21.1975,-19.7668,42.82676288,9.397498857,-6.59204827,22.99701162,9.987332572,-5.824289804,2,Major,97_kal,12.375406,-69.159081
3690991,DMadr24-8994,Madracis,-,DH0088_MMIR_KAL,DH0088_MMIR_KAL_SHA,Playa Kalki,C,27.9706,-17.8327,-18.2536,40.28839085,8.597328678,-6.624127462,21.82563152,13.62969288,-5.835164877,21,Major,93_kal,12.375406,-69.159081
3690999,DMadr24-8994,Madracis,-,DH0089_MMIR_KAL,DH0089_MMIR_KAL_SHA,Playa Kalki,D,28.03560927,-15.04131505,-16.95639417,38.17042259,8.476270271,-6.329396507,21.68344426,16.68452637,-5.479392145,22,Major,89_kal,12.375406,-69.159081
3691007,DMadr24-8994,Madracis,-,DH0090_MMIR_KAL,DH0090_MMIR_KAL_SHA,Playa Kalki,E,28.3348,-13.049,-16.85,36.81871185,8.803378783,-6.518206021,22.10519479,18.62046192,-5.85943706,23,Major,89_kal,12.375406,-69.159081
3705682,DMadr24-8994,Madracis,-,DH0091_MMIR_KAL,DH0091_MMIR_KAL_SHA,Playa Kalki,F,30.0382,-14.9201,-17.7007,38.2271051,9.95074227,-6.132483136,23.82206569,16.61787218,-5.449234766,21,Major,91_kal,12.375406,-69.159081
3705854,DMadr24-8994,Madracis,-,DH0091_MMIR_KAL,DH0091_MMIR_KAL_SHA,Playa Kalki,,,,,,,,,,,21,Major,91_kal,12.375406,-69.159081
3705690,DMadr24-8994,Madracis,-,DH0092_MMIR_KAL,DH0092_MMIR_KAL_SHA,Playa Kalki,G,30.0322,-16.4047,-18.2335,39.32254251,9.983126388,-6.187466685,23.86917075,15.04175456,-5.48902648,21,Major,91_kal,12.375406,-69.159081
3705698,DMadr24-8994,Madracis,-,DH0093_MMIR_KAL,DH0093_MMIR_KAL_SHA,Playa Kalki,H,31.0235,-16.6936,-18.798,39.62196285,10.74381615,-6.144121059,24.96505888,14.61675869,-5.545655731,24,Major,91_kal,12.375406,-69.159081
3705706,DMadr24-8994,Madracis,-,DH0094_MMIR_KAL,DH0094_MMIR_KAL_SHA,Playa Kalki,I,28.3706,-11.7522,-16.2463,35.834531,8.750241949,-6.378828451,22.04398628,20.04010066,-5.691196349,25,Major,84_kal,12.375406,-69.159081
3705714,DMadr24-8994,Madracis,-,DH0095_MMIR_KAL,DH0095_MMIR_KAL_SHA,Playa Kalki,J,29.0659,-10.555,-16.1229,35.00834367,9.244436204,-6.288458196,22.75700258,21.23318459,-5.680427443,24,Major,83_kal,12.375406,-69.159081
3705722,DMadr24-8994,Madracis,-,DH0096_MMIR_KAL,DH0096_MMIR_KAL_SHA,Playa Kalki,K,29.424,-9.72929,-16.2241,34.47566826,9.569487841,-6.375486761,23.20097556,21.99645709,-5.881865132,0,Major,83_kal,12.375406,-69.159081
3705859,DMadr24-8994,Madracis,-,DH0096_MMIR_KAL,DH0096_MMIR_KAL_SHA,Playa Kalki,,,,,,,,,,,0,Major,83_kal,12.375406,-69.159081
3691008,DMadr24-8994,Madracis,-,DH0097_MMIR_KAL,DH0097_MMIR_KAL_SHA,Playa Kalki,L,29.5073,-11.4884,-16.4299,35.68963079,9.529185289,-6.160756894,23.19169444,20.26081467,-5.519622439,24,Major,83_kal,12.375406,-69.159081
3691016,DMadr24-8994,Madracis,-,DH0098_MMIR_KAL,DH0098_MMIR_KAL_SHA,Playa Kalki,M,29.9906,-10.5104,-16.5598,35.0604261,9.953655703,-6.250363419,23.77620495,21.16313129,-5.745695596,24,Major,83_kal,12.375406,-69.159081
3691024,DMadr24-8994,Madracis,-,DH0099_MMIR_KAL,DH0099_MMIR_KAL_SHA,Playa Kalki,N,30.221,-7.05118,-16.01,32.64298164,10.22909213,-6.458160403,24.11092247,24.6293699,-6.186967959,27,Major,80_kal,12.375406,-69.159081
3691032,DMadr24-8994,Madracis,-,DH0100_MMIR_KAL,DH0100_MMIR_KAL_SHA,Playa Kalki,O,33.124,-7.82136,-16.9911,33.33712392,12.25161378,-5.949275735,27.09118758,23.66210294,-5.780079874,28,Major,81_kal,12.375406,-69.159081
3691040,DMadr24-8994,Madracis,-,DH0101_MMIR_KAL,DH0101_MMIR_KAL_SHA,Playa Kalki,P,33.2046,-6.86966,-16.885,32.68083821,12.3521941,-6.027368313,27.21516838,24.60233827,-5.935233816,28,Major,81_kal,12.375406,-69.159081
3691048,DMadr24-8994,Madracis,-,DH0102_MMIR_KAL,DH0102_MMIR_KAL_SHA,Playa Kalki,Q,34.253,-6.88565,-17.2711,32.76283011,13.11593017,-5.908253305,28.32634575,24.49289322,-5.893066563,0,Minor,81_kal,12.375406,-69.159081
3705723,DMadr24-8994,Madracis,-,DH0103_MMIR_KAL,DH0103_MMIR_KAL_SHA,Playa Kalki,R,28.7579,-5.93199,-15.2549,31.75409093,9.192533573,-6.689543154,22.58353774,25.8923621,-6.375038393,27,Major,79_kal,12.375406,-69.159081
3705731,DMadr24-8994,Madracis,-,DH0104_MMIR_KAL,DH0104_MMIR_KAL_SHA,Playa Kalki,S,29.4832,-0.84965,-14.3767,28.18681815,9.812387221,-6.826730414,23.41107903,31.01522166,-6.821088232,29,Major,37_kal,12.375406,-69.159081
3705739,DMadr24-8994,Madracis,-,DH0105_MMIR_KAL,DH0105_MMIR_KAL_SHA,Playa Kalki,T,29.5482,-0.0144652,-14.1011,27.57503811,9.839598747,-6.789808832,23.4504845,31.89591324,-6.797773813,0,Major,37_kal,12.375406,-69.159081
3705747,DMadr24-8994,Madracis,-,DH0106_MMIR_KAL,DH0106_MMIR_KAL_SHA,Playa Kalki,U,27.4979,-0.393498,-13.4873,27.71625857,8.354084312,-7.033893515,21.28988044,31.67621388,-6.885344952,29,Major,38_kal,12.375406,-69.159081
3705755,DMadr24-8994,Madracis,-,DH0107_MMIR_KAL,DH0107_MMIR_KAL_SHA,Playa Kalki,V,28.182,0.346838,-13.7758,27.27594785,8.930675997,-7.109331951,22.09570193,32.30838749,-7.109690012,29,Major,38_kal,12.375406,-69.159081
3705763,DMadr24-8994,Madracis,-,DH0108_MMIR_KAL,DH0108_MMIR_KAL_SHA,Playa Kalki,W,33.2348,-14.3515,-18.8582,38.06125484,12.32803092,-5.865956804,27.25900455,16.87792597,-5.483688561,0,Major,92_kal,12.375406,-69.159081
3691009,DMadr24-8994,Madracis,-,DH0109_MMIR_KAL,DH0109_MMIR_KAL_SHA,Playa Kalki,X,33.3653,-11.1183,-18.3128,35.7959361,12.5234602,-6.069427054,27.48171153,20.12539566,-5.898918467,0,Major,114_kal,12.375406,-69.159081
3691017,DMadr24-8994,Madracis,-,DH0110_MMIR_KAL,DH0110_MMIR_KAL_SHA,Playa Kalki,Y,28.2566,4.85482,-11.8691,23.89263814,8.775871284,-6.754017986,21.90382589,37.18369281,-6.712759992,33,Major,35_kal,12.375406,-69.159081
3691025,DMadr24-8994,Madracis,-,DH0111_MMIR_KAL,DH0111_MMIR_KAL_SHA,Playa Kalki,Z,29.413,7.83536,-11.437,21.81372476,9.61418711,-6.64379244,23.09957492,40.17915632,-6.783277221,34,Major,28_kal,12.375406,-69.159081
3691033,DMadr24-8994,Madracis,-,DH0112_MMIR_KAL,DH0112_MMIR_KAL_SHA,Playa Kalki,A1,27.2773,8.63719,-10.1445,21.03391752,7.967204342,-6.723755178,20.72799038,41.28888131,-6.646166561,35,Major,19_kal,12.375406,-69.159081
3691041,DMadr24-8994,Madracis,-,DH0113_MMIR_KAL,DH0113_MMIR_KAL_SHA,Playa Kalki,B1,26.3754,8.09219,-8.80909,21.13906174,6.944223039,-6.138172294,19.36938646,41.15728838,-5.630958618,36,Major,18_kal,12.375406,-69.159081
3691049,DMadr24-8994,Madracis,-,DH0114_MMIR_KAL,DH0114_MMIR_KAL_SHA,Playa Kalki,C1,25.9858,9.19929,-8.93418,20.42656187,6.842932361,-6.533500784,19.15035126,42.16431451,-6.206308978,36,Major,18_kal,12.375406,-69.159081
3705724,DMadr24-8994,Madracis,-,DH0115_MMIR_KAL,DH0115_MMIR_KAL_SHA,Playa Kalki,D1,27.1341,10.8245,-9.32459,19.41377248,7.815172451,-6.672008478,20.50463224,43.6182594,-6.61163315,37,Major,17_kal,12.375406,-69.159081
3705732,DMadr24-8994,Madracis,-,DH0116_MMIR_KAL,DH0116_MMIR_KAL_SHA,Playa Kalki,E1,29.6577,7.45294,-11.6292,22.105629,9.790981587,-6.609621889,23.36049753,39.76193677,-6.753090785,34,Major,28_kal,12.375406,-69.159081
3705740,DMadr24-8994,Madracis,-,DH0117_MMIR_KAL,DH0117_MMIR_KAL_SHA,Playa Kalki,F1,28.8547,9.83827,-10.6651,20.32787545,9.206151551,-6.723908048,22.48951442,42.30897782,-6.887505443,37,Major,17_kal,12.375406,-69.159081
3705748,DMadr24-8994,Madracis,-,DH0118_MMIR_KAL,DH0118_MMIR_KAL_SHA,Playa Kalki,G1,29.7806,10.3071,-9.60231,19.80210261,9.48096896,-5.877775445,23.0218234,43.10054163,-5.748782975,37,Major,17_kal,12.375406,-69.159081
3705756,DMadr24-8994,Madracis,-,DH0119_MMIR_KAL,DH0119_MMIR_KAL_SHA,Playa Kalki,H1,30.6079,9.26156,-11.0598,20.78266475,10.35532424,-6.28066886,24.20984959,41.67896888,-6.434042759,37,Major,16_kal,12.375406,-69.159081
3705764,DMadr24-8994,Madracis,-,DH0120_MMIR_KAL,DH0120_MMIR_KAL_SHA,Playa Kalki,I1,30.6255,10.9451,-9.4321,19.33922494,10.00252742,-5.612809537,23.807243,43.77891293,-5.478968446,37,Major,17_kal,12.375406,-69.159081
3691010,DMadr24-8994,Madracis,-,DH0121_MMIR_KAL,DH0121_MMIR_KAL_SHA,Playa Kalki,J1,32.04613661,9.997869106,-11.39484157,20.35090551,11.40906084,-6.135763124,25.73449363,42.31009289,-6.425584489,0,Major,14_kal,12.375406,-69.159081
3691018,DMadr24-8994,Madracis,-,DH0122_MMIR_KAL,DH0122_MMIR_KAL_SHA,Playa Kalki,K1,30.2976,6.80733,-12.1515,22.6363221,10.29100827,-6.594000145,24.08179805,39.00230944,-6.795203223,34,Major,27_kal,12.375406,-69.159081
3691026,DMadr24-8994,Madracis,-,DH0123_MMIR_KAL,DH0123_MMIR_KAL_SHA,Playa Kalki,L1,30.7968,7.894,-12.1801,21.91462135,10.70295436,-6.637876271,24.65540255,40.03935763,-6.957620019,34,Major,27_kal,12.375406,-69.159081
3691034,DMadr24-8994,Madracis,-,DH0124_MMIR_KAL,DH0124_MMIR_KAL_SHA,Playa Kalki,M1,31.1381,6.15919,-12.5131,23.13624544,10.86325552,-6.417714412,24.93342173,38.29383916,-6.621746462,34,Major,27_kal,12.375406,-69.159081
3691042,DMadr24-8994,Madracis,-,DH0125_MMIR_KAL,DH0125_MMIR_KAL_SHA,Playa Kalki,N1,30.8501,5.21873,-12.9203,23.84511307,10.73132181,-6.586616539,24.72284882,37.26773473,-6.811455697,34,Major,27_kal,12.375406,-69.159081
3691050,DMadr24-8994,Madracis,-,DH0126_MMIR_KAL,DH0126_MMIR_KAL_SHA,Playa Kalki,O1,32.0907,7.24604,-12.5473,22.41355131,11.55524386,-6.316408238,25.93157416,39.33956355,-6.625145241,0,Major,27_kal,12.375406,-69.159081
3705725,DMadr24-8994,Madracis,-,DH0127_MMIR_KAL,DH0127_MMIR_KAL_SHA,Playa Kalki,P1,32.111,6.16697,-12.4992,23.12408616,11.45665251,-6.092237981,25.83598357,38.32740529,-6.259747024,34,Major,27_kal,12.375406,-69.159081
3705733,DMadr24-8994,Madracis,-,DH0128_MMIR_KAL,DH0128_MMIR_KAL_SHA,Playa Kalki,Q1,25.1536,10.9944,-8.4277,19.13273945,6.332017976,-6.822995534,18.35938009,44.00912817,-6.583834993,35,Major,4_kal,12.375406,-69.159081
3705741,DMadr24-8994,Madracis,-,DH0129_MMIR_KAL,DH0129_MMIR_KAL_SHA,Playa Kalki,R1,25.3602,13.3846,-8.96004,17.64145795,6.839042673,-7.487577857,18.95503111,46.12682657,-7.679133498,40,Major,4_kal,12.375406,-69.159081
3705749,DMadr24-8994,Madracis,-,DH0130_MMIR_KAL,DH0130_MMIR_KAL_SHA,Playa Kalki,S1,25.8583,14.7935,-8.16053,16.54197328,7.017852988,-7.101270804,19.26609586,47.72336364,-7.203079756,40,Major,4_kal,12.375406,-69.159081
3705757,DMadr24-8994,Madracis,-,DH0131_MMIR_KAL,DH0131_MMIR_KAL_SHA,Playa Kalki,T1,26.03137318,16.07724398,-8.052127887,15.66325538,7.203965026,-7.205949488,19.50549413,48.98249722,-7.41981702,0,Major,4_kal,12.375406,-69.159081
3705765,DMadr24-8994,Madracis,-,DH0132_MMIR_KAL,DH0132_MMIR_KAL_SHA,Playa Kalki,U1,26.6871,16.2135,-8.60987,15.67909646,7.794354847,-7.343101031,20.32472329,48.9567612,-7.716162886,0,Major,4_kal,12.375406,-69.159081
3691011,DMadr24-8994,Madracis,-,DH0133_MMIR_KAL,DH0133_MMIR_KAL_SHA,Playa Kalki,V1,28.3731,15.2666,-8.92807,16.36617512,8.845271475,-6.811960914,21.92208459,47.99615848,-7.111062779,0,Major,8_kal,12.375406,-69.159081
3691019,DMadr24-8994,Madracis,-,DH0134_MMIR_KAL,DH0134_MMIR_KAL_SHA,Playa Kalki,W1,28.2121,12.6457,-8.62268,18.05581292,8.417287485,-6.225466175,21.42772009,45.59058982,-6.13272541,37,Major,17_kal,12.375406,-69.159081
3691027,DMadr24-8994,Madracis,-,DH0135_MMIR_KAL,DH0135_MMIR_KAL_SHA,Playa Kalki,X1,29.5243,14.1237,-9.45226,17.22686158,9.615500669,-6.542771281,23.07558557,46.77404273,-6.824487192,0,Major,8_kal,12.375406,-69.159081
3691035,DMadr24-8994,Madracis,-,DH0136_MMIR_KAL,DH0136_MMIR_KAL_SHA,Playa Kalki,Y1,29.74733255,15.04039267,-9.367612224,16.59753293,9.80714763,-6.580689254,23.33667518,47.67761169,-6.93686853,45,Major,8_kal,12.375406,-69.159081
3691043,DMadr24-8994,Madracis,-,DH0137_MMIR_KAL,DH0137_MMIR_KAL_SHA,Playa Kalki,Z1,30.8235,15.4732,-9.93337,16.41522659,10.68444861,-6.636848026,24.57739589,47.94122345,-7.17490502,45,Major,8_kal,12.375406,-69.159081
3691051,DMadr24-8994,Madracis,-,DH0138_MMIR_KAL,DH0138_MMIR_KAL_SHA,Playa Kalki,A2,31.0313,12.8543,-9.78968,18.13370543,10.53396441,-6.025010123,24.48368861,45.49651514,-6.20687347,34,Major,8_kal,12.375406,-69.159081
3705726,DMadr24-8994,Madracis,-,DH0139_MMIR_KAL,DH0139_MMIR_KAL_SHA,Playa Kalki,B2,31.6029,14.046,-10.4848,17.47260258,11.20982271,-6.455603327,25.36822129,46.43175891,-6.963833364,0,Major,15_kal,12.375406,-69.159081
3705734,DMadr24-8994,Madracis,-,DH0140_MMIR_KAL,DH0140_MMIR_KAL_SHA,Playa Kalki,C2,32.2996,15.8575,-10.5268,16.26898749,11.81161063,-6.569781007,26.19617569,48.15921903,-7.27857166,47,Major,9_kal,12.375406,-69.159081
3705742,DMadr24-8994,Madracis,-,DH0141_MMIR_KAL,DH0141_MMIR_KAL_SHA,Playa Kalki,D2,32.54848339,14.56213576,-10.91041583,17.20771448,11.97020093,-6.486722523,26.44558743,46.81453144,-7.149414321,0,Major,10_kal,12.375406,-69.159081
3705750,DMadr24-8994,Madracis,-,DH0142_MMIR_KAL,DH0142_MMIR_KAL_SHA,Playa Kalki,E2,32.0992,13.1445,-10.9446,18.16239543,11.57927568,-6.405383161,25.91059871,45.44435967,-6.92775766,49,Major,14_kal,12.375406,-69.159081
3705758,DMadr24-8994,Madracis,-,DH0143_MMIR_KAL,DH0143_MMIR_KAL_SHA,Playa Kalki,F2,35.0249,14.788,-11.3296,17.12859951,13.6422612,-5.961743432,28.92116151,46.95740863,-6.690624193,49,Major,11_kal,12.375406,-69.159081
3705766,DMadr24-8994,Madracis,-,DH0144_MMIR_KAL,DH0144_MMIR_KAL_SHA,Playa Kalki,G2,33.8944,13.8431,-11.5532,17.80801232,12.9349869,-6.297836983,27.86053818,45.96413363,-7.021299508,0,Major,14_kal,12.375406,-69.159081
3691012,DMadr24-8994,Madracis,-,DH0145_MMIR_KAL,DH0145_MMIR_KAL_SHA,Playa Kalki,H2,34.0044,13.0396,-11.0459,18.24401202,12.77115248,-5.822533946,27.71229931,45.35649488,-6.297513679,49,Major,14_kal,12.375406,-69.159081
3691020,DMadr24-8994,Madracis,-,DH0146_MMIR_KAL,DH0146_MMIR_KAL_SHA,Playa Kalki,I2,33.3701,11.7523,-11.7573,19.24562689,12.49177862,-6.222954868,27.25437181,43.89954688,-6.780393245,49,Major,14_kal,12.375406,-69.159081
3691028,DMadr24-8994,Madracis,-,DH0147_MMIR_KAL,DH0147_MMIR_KAL_SHA,Playa Kalki,J2,30.8793,7.39317,-12.0855,22.22987924,10.67925699,-6.46738714,24.65377563,39.59328859,-6.697608741,34,Major,27_kal,12.375406,-69.159081
3691036,DMadr24-8994,Madracis,-,DH0148_MMIR_KAL,DH0148_MMIR_KAL_SHA,Playa Kalki,K2,32.4501,8.38233,-12.6888,21.68153703,11.92139712,-6.481178266,26.41900324,40.38624383,-6.952588141,34,Major,25_kal,12.375406,-69.159081
3691044,DMadr24-8994,Madracis,-,DH0149_MMIR_KAL,DH0149_MMIR_KAL_SHA,Playa Kalki,L2,33.1284,7.15552,-13.1475,22.58740481,12.37329378,-6.313650488,27.10118562,39.09357878,-6.754589118,34,Major,26_kal,12.375406,-69.159081
3691052,DMadr24-8994,Madracis,-,DH0150_MMIR_KAL,DH0150_MMIR_KAL_SHA,Playa Kalki,M2,33.4883,6.43621,-13.4729,23.12979821,12.6328497,-6.261009693,27.4857478,38.31757498,-6.702147845,0,Major,34_kal,12.375406,-69.159081
3705727,DMadr24-8994,Madracis,-,DH0151_MMIR_KAL,DH0151_MMIR_KAL_SHA,Playa Kalki,N2,35.2992,5.19366,-13.8508,24.02535779,13.75297167,-5.672225343,29.19372153,37.0601005,-6.018275496,52,Major,34_kal,12.375406,-69.159081
3705735,DMadr24-8994,Madracis,-,DH0152_MMIR_KAL,DH0152_MMIR_KAL_SHA,Playa Kalki,O2,35.3059,14.6174,-11.4739,17.26958107,13.84505339,-5.92465665,29.21826656,46.75728303,-6.666829638,0,Major,11_kal,12.375406,-69.159081
3705743,DMadr24-8994,Madracis,-,DH0153_MMIR_KAL,DH0153_MMIR_KAL_SHA,Playa Kalki,P2,36.6525,12.7663,-11.9176,18.58618775,14.64689634,-5.419931715,30.46155395,44.8899148,-6.031263109,49,Major,14_kal,12.375406,-69.159081
3705751,DMadr24-8994,Madracis,-,DH0154_MMIR_KAL,DH0154_MMIR_KAL_SHA,Playa Kalki,Q2,35.08057512,11.50251465,-12.35262909,19.52187383,13.70703626,-5.969040674,29.03488664,43.51858094,-6.615570757,49,Major,14_kal,12.375406,-69.159081
3705759,DMadr24-8994,Madracis,-,DH0155_MMIR_KAL,DH0155_MMIR_KAL_SHA,Playa Kalki,R2,36.7267,10.148,-13.1293,20.57124248,14.84181132,-5.649128765,30.71913029,42.02909456,-6.31158329,49,Major,14_kal,12.375406,-69.159081
3705767,DMadr24-8994,Madracis,-,DH0156_MMIR_KAL,DH0156_MMIR_KAL_SHA,Playa Kalki,N2,35.2992,5.19366,-13.8508,24.02535779,13.75297167,-5.672225343,29.19372153,37.0601005,-6.018275496,52,Major,34_kal,12.375406,-69.159081
3691013,DMadr24-8994,Madracis,-,DH0157_MMIR_KAL,DH0157_MMIR_KAL_SHA,Playa Kalki,S2,38.1624,5.8639,-15.1538,23.82173061,15.98055213,-5.618301148,32.38020001,37.36499939,-6.331861904,54,Major,29_kal,12.375406,-69.159081
3691021,DMadr24-8994,Madracis,-,DH0158_MMIR_KAL,DH0158_MMIR_KAL_SHA,Playa Kalki,T2,38.2698,6.8022,-14.8964,23.14453302,16.04868629,-5.596278894,32.4748394,38.33925909,-6.339466148,54,Major,29_kal,12.375406,-69.159081
3691029,DMadr24-8994,Madracis,-,DH0159_MMIR_KAL,DH0159_MMIR_KAL_SHA,Playa Kalki,U2,37.7765,7.91526,-14.2463,22.276148,15.63987397,-5.570692082,31.88760291,39.58621596,-6.267846806,34,Major,14_kal,12.375406,-69.159081
3691037,DMadr24-8994,Madracis,-,DH0160_MMIR_KAL,DH0160_MMIR_KAL_SHA,Playa Kalki,V2,37.9705,10.1875,-13.5969,20.6313729,15.75609505,-5.523677155,32.04604624,41.95200467,-6.287095408,0,Major,14_kal,12.375406,-69.159081
3691045,DMadr24-8994,Madracis,-,DH0161_MMIR_KAL,DH0161_MMIR_KAL_SHA,Playa Kalki,W2,38.7135,11.2914,-13.4992,19.87228936,16.27937616,-5.416436995,32.80409824,43.04949592,-6.254543591,49,Major,14_kal,12.375406,-69.159081
3691053,DMadr24-8994,Madracis,-,DH0162_MMIR_KAL,DH0162_MMIR_KAL_SHA,Playa Kalki,Z2,40.25582069,15.59660111,-12.95699018,16.88609126,17.43753022,-5.347344708,34.44072062,47.34836306,-6.475246258,47,Major,7_Kal,12.375406,-69.159081
3705728,DMadr24-8994,Madracis,-,DH0163_MMIR_KAL,DH0163_MMIR_KAL_SHA,Playa Kalki,A3,39.4911,13.6326,-13.2454,18.25670868,16.88462003,-5.423033208,33.65154839,45.3733434,-6.433022672,0,Major,12_kal,12.375406,-69.159081
3705736,DMadr24-8994,Madracis,-,DH0164_MMIR_KAL,DH0164_MMIR_KAL_SHA,Playa Kalki,B3,39.6907,11.426,-13.7861,19.8346034,16.98151995,-5.288706904,33.82772267,43.11208803,-6.194345054,49,Major,14_kal,12.375406,-69.159081
3705744,DMadr24-8994,Madracis,-,DH0165_MMIR_KAL,DH0165_MMIR_KAL_SHA,Playa Kalki,C3,39.6557,10.1227,-14.1109,20.76830201,16.94663623,-5.262648045,33.79119442,41.7714012,-6.113503004,0,Major,14_kal,12.375406,-69.159081
3705752,DMadr24-8994,Madracis,-,DH0166_MMIR_KAL,DH0166_MMIR_KAL_SHA,Playa Kalki,D3,39.0594,8.75677,-14.4668,21.75235062,16.57151173,-5.427746745,33.23678779,40.34895275,-6.244944826,54,Major,14_kal,12.375406,-69.159081
3705760,DMadr24-8994,Madracis,-,DH0167_MMIR_KAL,DH0167_MMIR_KAL_SHA,Playa Kalki,E3,39.5164,8.60414,-14.5763,21.87373459,16.87294339,-5.315696344,33.68733473,40.18052097,-6.13192555,49,Major,14_kal,12.375406,-69.159081
3705768,DMadr24-8994,Madracis,-,DH0168_MMIR_KAL,DH0168_MMIR_KAL_SHA,Playa Kalki,F3,38.7973,7.01963,-15.0679,23.03085012,16.44581605,-5.562497589,33.04633451,38.50579717,-6.364016478,54,Major,29_kal,12.375406,-69.159081
3691014,DMadr24-8994,Madracis,-,DH0169_MMIR_KAL,DH0169_MMIR_KAL_SHA,Playa Kalki,G3,38.9527,4.89336,-15.7067,24.57461308,16.55365735,-5.514433051,33.2230156,36.2900811,-6.251656214,54,Major,29_kal,12.375406,-69.159081
3691022,DMadr24-8994,Madracis,-,DH0170_MMIR_KAL,DH0170_MMIR_KAL_SHA,Playa Kalki,H3,42.1919,15.1417,-14.1125,17.40833286,18.94963792,-5.313034809,36.60956391,46.60623453,-6.664732631,58,Major,7_kal,12.375406,-69.159081
3691030,DMadr24-8994,Madracis,-,DH0171_MMIR_KAL,DH0171_MMIR_KAL_SHA,Playa Kalki,,,,,,,,,,,58,Major,NA,12.375406,-69.159081
3691038,DMadr24-8994,Madracis,-,DH0172_MMIR_KAL,DH0172_MMIR_KAL_SHA,Playa Kalki,I3,40.2517,15.1508,-13.4194,17.27448208,17.54118056,-5.542481931,34.55885359,46.7827284,-6.755746675,58,Major,7_kal,12.375406,-69.159081
3691046,DMadr24-8994,Madracis,-,DH0173_MMIR_KAL,DH0173_MMIR_KAL_SHA,Playa Kalki,J3,41.8601,9.93395,-15.1129,21.08159792,18.5986676,-5.096838979,36.18030834,41.33555055,-6.147836617,0,Major,14_kal,12.375406,-69.159081
3705729,DMadr24-8994,Madracis,-,DH0174_MMIR_KAL,DH0174_MMIR_KAL_SHA,Playa Kalki,K3,42.0911,8.09331,-15.7915,22.44224972,18.79083525,-5.097510107,36.46725988,39.38131577,-6.126864874,54,Major,13_kal,12.375406,-69.159081
3705737,DMadr24-8994,Madracis,-,HH0182_MMIR_SNA,DH0182_MMIR_SNA_HEL,Snake Bay,,,,,,,,,,,0,Minor,NA,12.138986,-68.997639
3705745,DMadr24-8994,Madracis,-,HH0183_MMIR_SNA,DH0183_MMIR_SNA_HEL,Snake Bay,,,,,,,,,,,0,Minor,NA,12.138986,-68.997639
3705753,DMadr24-8994,Madracis,-,HH0184_MMIR_SNA,DH0184_MMIR_SNA_HEL,Snake Bay,,,,,,,,,,,0,Minor,NA,12.138986,-68.997639
3691015,DMadr24-8994,Madracis,-,HH0185_MMIR_SNA,DH0185_MMIR_SNA_HEL,Snake Bay,,,,,,,,,,,0,Major,NA,12.138986,-68.997639
3691023,DMadr24-8994,Madracis,-,HH0186_MMIR_SNA,DH0186_MMIR_SNA_HEL,Snake Bay,,,,,,,,,,,0,Major,NA,12.138986,-68.997639
3691031,DMadr24-8994,Madracis,-,HH0187_MMIR_SNA,DH0187_MMIR_SNA_HEL,Snake Bay,,,,,,,,,,,0,Major,NA,12.138986,-68.997639
3691039,DMadr24-8994,Madracis,-,HH0188_MMIR_SNA,DH0188_MMIR_SNA_HEL,Snake Bay,,,,,,,,,,,0,Major,NA,12.138986,-68.997639
3691047,DMadr24-8994,Madracis,-,HH0189_MMIR_SNA,DH0189_MMIR_SNA_HEL,Snake Bay,,,,,,,,,,,0,Minor,NA,12.138986,-68.997639
3705730,DMadr24-8994,Madracis,-,HH0190_MMIR_SNA,DH0190_MMIR_SNA_HEL,Snake Bay,,,,,,,,,,,0,Major,NA,12.138986,-68.997639
3705738,DMadr24-8994,Madracis,-,HH0191_MMIR_SNA,DH0191_MMIR_SNA_HEL,Snake Bay,,,,,,,,,,,0,Major,NA,12.138986,-68.997639
3705746,DMadr24-8994,Madracis,-,HH0192_MMIR_SNA,DH0192_MMIR_SNA_HEL,Snake Bay,,,,,,,,,,,0,Major,NA,12.138986,-68.997639
2795328,DMadr22-6918,Madracis,-,DH0193_MMIR_SNA,mmir_sna_034,Snake Bay,SB1,21.5892,-44.3792,-7.12755,-19.7453225,21.26250252,-16.55862787,-44.66578284,-200.3066952,20.34547183,183,Minor,74_sna,12.138986,-68.997639
2796026,DMadr22-6918,Madracis,-,DH0193_MMIR_SNA,mmir_sna_034,Snake Bay,,,,,,,,,,,183,Minor,74_sna,12.138986,-68.997639
2795329,DMadr22-6918,Madracis,-,DH0194_MMIR_SNA,mmir_sna_036,Snake Bay,SB2,18.1693,-51.3308,-6.26788,-17.79431657,20.61878511,-16.12210776,-41.3616769,-201.3779011,20.75195735,183,Minor,74_sna,12.138986,-68.997639
2796027,DMadr22-6918,Madracis,-,DH0194_MMIR_SNA,mmir_sna_036,Snake Bay,,,,,,,,,,,183,Minor,74_sna,12.138986,-68.997639
2795330,DMadr22-6918,Madracis,-,DH0195_MMIR_SNA,mmir_sna_038,Snake Bay,SB3,17.0548,-46.8536,-6.53545,-18.97502949,20.33071744,-15.85068206,-43.26593794,-201.8121753,21.44794281,183,Minor,74_sna,12.138986,-68.997639
2796028,DMadr22-6918,Madracis,-,DH0195_MMIR_SNA,mmir_sna_038,Snake Bay,,,,,,,,,,,183,Minor,74_sna,12.138986,-68.997639
2795331,DMadr22-6918,Madracis,-,DH0196_MMIR_SNA,mmir_sna_040,Snake Bay,SB4,18.3758,-45.3534,-6.72113,-19.40782854,20.60058078,-16.03084605,-44.01352821,-201.37014,21.2093924,183,Minor,74_sna,12.138986,-68.997639
2796029,DMadr22-6918,Madracis,-,DH0196_MMIR_SNA,mmir_sna_040,Snake Bay,,,,,,,,,,,183,Minor,74_sna,12.138986,-68.997639
2795332,DMadr22-6918,Madracis,-,DH0197_MMIR_SNA,mmir_sna_042,Snake Bay,SB5,15.2397,-35.8864,-8.5276,-21.92755156,19.6317693,-15.61804218,-48.1122599,-202.8994204,22.44953826,67,Major,79_sna,12.138986,-68.997639
2796030,DMadr22-6918,Madracis,-,DH0197_MMIR_SNA,mmir_sna_042,Snake Bay,,,,,,,,,,,67,Major,79_sna,12.138986,-68.997639
2795333,DMadr22-6918,Madracis,-,DH0198_MMIR_SNA,mmir_sna_044,Snake Bay,SB6,15.1791,-47.1816,-5.18038,-18.80726414,20.11075555,-15.28496575,-42.8831036,-202.1343513,22.36938515,183,Minor,74_sna,12.138986,-68.997639
2796031,DMadr22-6918,Madracis,-,DH0198_MMIR_SNA,mmir_sna_044,Snake Bay,,,,,,,,,,,183,Minor,74_sna,12.138986,-68.997639
2795334,DMadr22-6918,Madracis,-,DH0199_MMIR_SNA,mmir_sna_046,Snake Bay,SB7,15.0219,-50.6414,-4.69723,-17.86567089,20.14567626,-15.28311439,-41.32488115,-202.0939215,22.1914393,183,Minor,74_sna,12.138986,-68.997639
2796032,DMadr22-6918,Madracis,-,DH0199_MMIR_SNA,mmir_sna_046,Snake Bay,,,,,,,,,,,183,Minor,74_sna,12.138986,-68.997639
2795335,DMadr22-6918,Madracis,-,DH0200_MMIR_SNA,mmir_sna_048,Snake Bay,SB8,11.2604,-47.301,-5.98193,-18.72147455,19.11108189,-14.89014006,-42.67560682,-203.7656712,23.08971034,68,Major,74_sna,12.138986,-68.997639
2796033,DMadr22-6918,Madracis,-,DH0200_MMIR_SNA,mmir_sna_048,Snake Bay,,,,,,,,,,,68,Major,74_sna,12.138986,-68.997639
3705754,DMadr24-8994,Madracis,-,HH0200_MMIR_SNA,DH0200_MMIR_SNA_HEL,Snake Bay,,,,,,,,,,,0,Major,NA,12.138986,-68.997639
2794452,DMadr22-6918,Madracis,-,DH0201_MMIR_SNA,mmir_sna_050,Snake Bay,SB9,12.6024,-43.2644,-7.89951,-19.88578236,19.12921749,-15.36426612,-44.6913838,-203.7527062,22.52504805,68,Major,74_sna,12.138986,-68.997639
2794453,DMadr22-6918,Madracis,-,DH0202_MMIR_SNA,mmir_sna_052,Snake Bay,SB10,8.91884,-42.9316,-6.01961,-19.8414823,18.5814919,-14.39072349,-44.43843604,-204.5838683,24.17123875,68,Major,74_sna,12.138986,-68.997639
2794454,DMadr22-6918,Madracis,-,DH0203_MMIR_SNA,mmir_sna_054,Snake Bay,SB11,9.0869,-45.915,-5.61238,-19.03595835,18.67841681,-14.43596732,-43.11365282,-204.441655,23.93599215,68,Major,74_sna,12.138986,-68.997639
2794455,DMadr22-6918,Madracis,-,DH0204_MMIR_SNA,mmir_sna_056,Snake Bay,SB12,7.52359,-51.0131,-3.93958,-17.59157199,18.57364412,-14.0231962,-40.64703887,-204.6090511,24.3536257,70,Major,74_sna,12.138986,-68.997639
2794456,DMadr22-6918,Madracis,-,DH0205_MMIR_SNA,mmir_sna_058,Snake Bay,SB13,7.50314,-53.423,-3.10662,-16.92196924,18.69182404,-13.92459222,-39.519587,-204.4170339,24.37994491,70,Major,74_sna,12.138986,-68.997639
2794457,DMadr22-6918,Madracis,-,DH0206_MMIR_SNA,mmir_sna_060,Snake Bay,SB14,6.56921,-55.629,-3.77676,-16.33540796,18.38126888,-14.01814968,-38.56998773,-204.952267,24.14062716,70,Major,74_sna,12.138986,-68.997639
2794458,DMadr22-6918,Madracis,-,DH0207_MMIR_SNA,mmir_sna_062,Snake Bay,SB15,4.007,-53.514,-3.51288,-16.83990643,17.84590158,-13.50305198,-39.31174479,-205.7904054,25.13215269,70,Major,74_sna,12.138986,-68.997639
2794459,DMadr22-6918,Madracis,-,DH0208_MMIR_SNA,mmir_sna_064,Snake Bay,SB16,4.42198,-49.2053,-3.56105,-17.9996248,17.93400581,-13.41452508,-41.2124737,-205.6146669,25.49029474,70,Major,74_sna,12.138986,-68.997639
2795423,DMadr22-6918,Madracis,-,DH0209_MMIR_SNA,mmir_sna_066,Snake Bay,SB17,3.93386,-45.8363,-4.67365,-18.92367638,17.66042421,-13.46467409,-42.75308124,-206.0562848,25.60524367,70,Major,74_sna,12.138986,-68.997639
2795424,DMadr22-6918,Madracis,-,DH0210_MMIR_SNA,mmir_sna_068,Snake Bay,SB18,3.61408,-42.564,-5.97941,-19.83136219,17.39588046,-13.58620753,-44.28008263,-206.489084,25.59840055,70,Major,74_sna,12.138986,-68.997639
2795425,DMadr22-6918,Madracis,-,DH0211_MMIR_SNA,mmir_sna_070,Snake Bay,SB19,4.55852,-38.7253,-6.78704,-20.90010024,17.48972891,-13.76217371,-46.08046737,-206.3273766,25.50187974,70,Major,74_sna,12.138986,-68.997639
2796093,DMadr22-6918,Madracis,-,DH0211_MMIR_SNA,mmir_sna_070,Snake Bay,,,,,,,,,,,70,Major,74_sna,12.138986,-68.997639
2795426,DMadr22-6918,Madracis,-,DH0212_MMIR_SNA,mmir_sna_072,Snake Bay,SB20,5.65307,-34.258,-8.97872,-22.18293681,17.41169984,-14.24477152,-48.29481793,-206.4727825,24.95374021,70,Major,77_sna,12.138986,-68.997639
2796094,DMadr22-6918,Madracis,-,DH0212_MMIR_SNA,mmir_sna_072,Snake Bay,,,,,,,,,,,70,Major,77_sna,12.138986,-68.997639
2795427,DMadr22-6918,Madracis,-,DH0213_MMIR_SNA,mmir_sna_074,Snake Bay,SB21,0.703539,-36.0606,-8.24963,-21.57926588,16.40734916,-13.42015158,-47.14912476,-208.0861372,26.28659558,70,Major,74_sna,12.138986,-68.997639
2795428,DMadr22-6918,Madracis,-,DH0214_MMIR_SNA,mmir_sna_076,Snake Bay,SB22,0.662389,-38.1536,-6.83638,-20.97565259,16.6073559,-13.17760201,-46.10274053,-207.744906,26.55631275,70,Major,74_sna,12.138986,-68.997639
2796097,DMadr22-6918,Madracis,-,DH0215_MMIR_SNA,mmir_sna_078,Snake Bay,SB23,1.69794,-41.5418,-5.74356,-20.05813432,17.00097152,-13.21325603,-44.58810345,-207.1106553,26.29072643,70,Major,74_sna,12.138986,-68.997639
2795430,DMadr22-6918,Madracis,-,DH0216_MMIR_SNA,mmir_sna_080,Snake Bay,SB24,2.40055,-44.4706,-4.40705,-19.24887347,17.35625901,-13.12852016,-43.23004792,-206.5281422,26.24774077,70,Major,74_sna,12.138986,-68.997639
2795518,DMadr22-6918,Madracis,-,DH0217_MMIR_SNA,mmir_sna_082,Snake Bay,SB25,0.418381,-48.3598,-3.2027,-18.13331749,17.08826898,-12.71322151,-41.30841946,-206.9605266,26.74548966,70,Major,74_sna,12.138986,-68.997639
2795519,DMadr22-6918,Madracis,-,DH0218_MMIR_SNA,mmir_sna_084,Snake Bay,SB26,-0.621282,-51.2562,-3.56555,-17.3507623,16.79934701,-12.74853495,-40.02335704,-207.4586751,26.56351097,70,Major,74_sna,12.138986,-68.997639
2795520,DMadr22-6918,Madracis,-,DH0219_MMIR_SNA,mmir_sna_086,Snake Bay,SB27,-2.75467,-49.8943,-3.07228,-17.65575105,16.39408734,-12.27364778,-40.44150823,-208.0875541,27.43991021,70,Major,74_sna,12.138986,-68.997639
2795521,DMadr22-6918,Madracis,-,DH0220_MMIR_SNA,mmir_sna_088,Snake Bay,SB28,-2.36616,-46.3832,-3.00046,-18.59832815,16.49371739,-12.18421915,-41.98277209,-207.896678,27.75750782,70,Major,74_sna,12.138986,-68.997639
2795522,DMadr22-6918,Madracis,-,DH0221_MMIR_SNA,mmir_sna_090,Snake Bay,SB29,-2.06785,-44.5277,-3.72968,-19.12233625,16.45313175,-12.3213387,-42.87597197,-207.9656003,27.63348399,70,Major,74_sna,12.138986,-68.997639
2795523,DMadr22-6918,Madracis,-,DH0222_MMIR_SNA,mmir_sna_092,Snake Bay,SB30,-1.46636,-40.6515,-4.92393,-20.20626777,16.41243518,-12.53137124,-44.70921497,-208.030154,27.49489386,70,Major,74_sna,12.138986,-68.997639
2795524,DMadr22-6918,Madracis,-,DH0223_MMIR_SNA,mmir_sna_094,Snake Bay,SB31,-1.61647,-38.4127,-6.63508,-20.85425776,16.12521182,-12.80657591,-45.83602019,-208.5182768,27.18696893,70,Major,74_sna,12.138986,-68.997639
2795525,DMadr22-6918,Madracis,-,DH0224_MMIR_SNA,mmir_sna_096,Snake Bay,SB32,-2.84129,-35.919,-7.85964,-21.53337196,15.66905299,-12.80563431,-46.96347373,-209.2639036,27.35539346,0,Major,74_sna,12.138986,-68.997639
2795613,DMadr22-6918,Madracis,-,DH0225_MMIR_SNA,mmir_sna_098,Snake Bay,SB33,-2.93527,-34.5044,-9.01618,-21.94518413,15.47655623,-12.99641267,-47.68269118,-209.5919913,27.13430465,72,Major,74_sna,12.138986,-68.997639
2795614,DMadr22-6918,Madracis,-,DH0226_MMIR_SNA,mmir_sna_100,Snake Bay,SB34,-5.74942,-33.85,-8.79202,-22.05606216,14.87798732,-12.5073938,-47.7788796,-210.5448199,28.01363513,73,Major,74_sna,12.138986,-68.997639
2795615,DMadr22-6918,Madracis,-,DH0227_MMIR_SNA,mmir_sna_102,Snake Bay,SB35,-5.10024,-37.9021,-7.17018,-20.93702328,15.26318642,-12.39312489,-45.90251633,-209.9159797,27.9583396,70,Major,74_sna,12.138986,-68.997639
2795617,DMadr22-6918,Madracis,-,DH0229_MMIR_SNA,mmir_sna_106,Snake Bay,SB37,-5.4959,-44.666,-2.71388,-18.98451375,15.8340375,-11.59523083,-42.51595885,-208.9376608,28.85921235,70,Major,74_sna,12.138986,-68.997639
2795618,DMadr22-6918,Madracis,-,DH0230_MMIR_SNA,mmir_sna_108,Snake Bay,SB38,-6.35825,-47.193,-2.24551,-18.27809706,15.7087825,-11.4580058,-41.32255867,-209.1479496,28.96289241,70,Major,74_sna,12.138986,-68.997639
2795619,DMadr22-6918,Madracis,-,DH0231_MMIR_SNA,mmir_sna_110,Snake Bay,SB39,-8.84439,-46.3994,-3.27879,-18.47209387,14.99690641,-11.29189291,-41.61859258,-210.3143163,29.3340117,70,Major,74_sna,12.138986,-68.997639
2795620,DMadr22-6918,Madracis,-,DH0232_MMIR_SNA,mmir_sna_112,Snake Bay,SB40,-8.10555,-44.7547,-2.92992,-18.91498552,15.21557292,-11.26194976,-42.34347479,-209.9398563,29.44880637,70,Major,74_sna,12.138986,-68.997639
2795708,DMadr22-6918,Madracis,-,DH0233_MMIR_SNA,mmir_sna_114,Snake Bay,SB41,-7.41407,-42.0032,-3.56728,-19.68315752,15.27740676,-11.40322682,-43.64039084,-209.8341973,29.35545519,70,Major,74_sna,12.138986,-68.997639
2795709,DMadr22-6918,Madracis,-,DH0234_MMIR_SNA,mmir_sna_116,Snake Bay,SB42,-5.41006,-41.8604,-3.82984,-19.76989143,15.68863487,-11.75170015,-43.84615945,-209.1775418,28.76148085,70,Major,74_sna,12.138986,-68.997639
2795710,DMadr22-6918,Madracis,-,DH0235_MMIR_SNA,mmir_sna_118,Snake Bay,SB43,-6.23359,-39.028,-4.94571,-20.54408237,15.3389595,-11.77311646,-45.13413209,-209.746151,28.90197295,70,Major,74_sna,12.138986,-68.997639
2795711,DMadr22-6918,Madracis,-,DH0236_MMIR_SNA,mmir_sna_120,Snake Bay,SB44,-8.70244,-39.6432,-4.98609,-20.33139037,14.77800976,-11.44111052,-44.7245362,-210.6555169,29.45753987,70,Major,74_sna,12.138986,-68.997639
2795713,DMadr22-6918,Madracis,-,DH0238_MMIR_SNA,mmir_sna_124,Snake Bay,SB46,-8.05338,-44.3515,-2.7507,-19.01802809,15.25414617,-11.21475762,-42.50460453,-209.8698655,29.54300853,70,Major,74_sna,12.138986,-68.997639
2795714,DMadr22-6918,Madracis,-,DH0239_MMIR_SNA,mmir_sna_126,Snake Bay,SB47,-11.226,-45.5385,-4.16761,-18.68163687,14.33003656,-11.10654364,-41.93626965,-211.4039592,29.73605862,70,Major,74_sna,12.138986,-68.997639
2795715,DMadr22-6918,Madracis,-,DH0240_MMIR_SNA,mmir_sna_128,Snake Bay,SB48,-12.6218,-43.9784,-5.21231,-19.1025284,13.86178013,-11.07514437,-42.63091387,-212.1720644,29.90699074,72,Major,74_sna,12.138986,-68.997639
2795336,DMadr22-6918,Madracis,-,DH0241_MMIR_SNA,mmir_sna_146,Snake Bay,SB57,-25.9031,-34.8696,-10.1107,-21.41887499,10.15360992,-9.8681961,-46.2681285,-218.1947636,32.65156324,74,Major,74_sna,12.138986,-68.997639
2796034,DMadr22-6918,Madracis,-,DH0241_MMIR_SNA,mmir_sna_146,Snake Bay,,,,,,,,,,,74,Major,74_sna,12.138986,-68.997639
2795337,DMadr22-6918,Madracis,-,DH0242_MMIR_SNA,mmir_sna_148,Snake Bay,SB58,-23.6903,-33.5921,-8.98043,-21.76903608,10.81948734,-9.89533817,-46.84626929,-217.0831169,32.61682063,74,Major,74_sna,12.138986,-68.997639
2796035,DMadr22-6918,Madracis,-,DH0242_MMIR_SNA,mmir_sna_148,Snake Bay,,,,,,,,,,,74,Major,74_sna,12.138986,-68.997639
2795338,DMadr22-6918,Madracis,-,DH0243_MMIR_SNA,mmir_sna_150,Snake Bay,SB59,-49.0589,-41.3529,-16.2943,-19.41535211,4.028456461,-8.072208406,-42.67041039,-228.2695493,35.75607981,8,Major,33_sna,12.138986,-68.997639
2796036,DMadr22-6918,Madracis,-,DH0243_MMIR_SNA,mmir_sna_150,Snake Bay,,,,,,,,,,,8,Major,33_sna,12.138986,-68.997639
2795339,DMadr22-6918,Madracis,-,DH0244_MMIR_SNA,mmir_sna_152,Snake Bay,SB60,-49.18,-44.6818,-17.014,-18.54706814,3.892606744,-8.338401779,-41.28593123,-228.5338625,35.16354783,8,Major,32_sna,12.138986,-68.997639
2796037,DMadr22-6918,Madracis,-,DH0244_MMIR_SNA,mmir_sna_152,Snake Bay,,,,,,,,,,,8,Major,32_sna,12.138986,-68.997639
2795340,DMadr22-6918,Madracis,-,DH0245_MMIR_SNA,mmir_sna_154,Snake Bay,SB61,-52.2988,-47.9852,-18.2364,-17.64087993,3.008522195,-8.273639496,-39.78293524,-230.015758,35.17368502,10,Major,31_sna,12.138986,-68.997639
2796038,DMadr22-6918,Madracis,-,DH0245_MMIR_SNA,mmir_sna_154,Snake Bay,,,,,,,,,,,10,Major,31_sna,12.138986,-68.997639
2795341,DMadr22-6918,Madracis,-,DH0246_MMIR_SNA,mmir_sna_156,Snake Bay,SB62,-54.4939,-46.9588,-17.6844,-17.85325277,2.597976401,-7.789081092,-40.04609879,-230.6543778,36.04899351,8,Major,31_sna,12.138986,-68.997639
2796039,DMadr22-6918,Madracis,-,DH0246_MMIR_SNA,mmir_sna_156,Snake Bay,,,,,,,,,,,8,Major,31_sna,12.138986,-68.997639
2795342,DMadr22-6918,Madracis,-,DH0247_MMIR_SNA,mmir_sna_158,Snake Bay,SB63,-51.957,-44.2558,-16.6256,-18.59260252,3.326709008,-7.826823336,-41.26944289,-229.4317327,36.06503902,10,Major,31_sna,12.138986,-68.997639
2796040,DMadr22-6918,Madracis,-,DH0247_MMIR_SNA,mmir_sna_158,Snake Bay,,,,,,,,,,,10,Major,31_sna,12.138986,-68.997639
2795343,DMadr22-6918,Madracis,-,DH0248_MMIR_SNA,mmir_sna_160,Snake Bay,SB64,-49.1343,-41.6357,-16.2553,-19.33714155,4.017185015,-8.062946996,-42.53938529,-228.2890047,35.75754055,8,Major,33_sna,12.138986,-68.997639
2796041,DMadr22-6918,Madracis,-,DH0248_MMIR_SNA,mmir_sna_160,Snake Bay,,,,,,,,,,,8,Major,33_sna,12.138986,-68.997639
2794460,DMadr22-6918,Madracis,-,DH0249_MMIR_SNA,mmir_sna_162,Snake Bay,SB65,-47.8677,-40.3065,-17.0582,-19.74252844,4.182924792,-8.378771392,-43.26835693,-228.0318465,35.29845461,10,Major,35_sna,12.138986,-68.997639
2794461,DMadr22-6918,Madracis,-,DH0250_MMIR_SNA,mmir_sna_164,Snake Bay,SB66,-50.6002,-39.9646,-17.0981,-19.77992231,3.563268291,-7.972166488,-43.25883194,-229.0279424,36.02950837,8,Major,34_sna,12.138986,-68.997639
2794462,DMadr22-6918,Madracis,-,DH0251_MMIR_SNA,mmir_sna_166,Snake Bay,SB67,-60.9566,-47.1528,-18.2912,-17.69016391,1.055705142,-6.978737655,-39.6369433,-233.1550844,37.48691397,17,Major,29_sna,12.138986,-68.997639
2794463,DMadr22-6918,Madracis,-,DH0252_MMIR_SNA,mmir_sna_168,Snake Bay,SB68,-48.9389,-31.7295,-18.2393,-22.04680263,3.770625113,-8.16432867,-47.04314526,-228.6561832,36.12324027,8,Major,36_sna,12.138986,-68.997639
2794464,DMadr22-6918,Madracis,-,DH0253_MMIR_SNA,mmir_sna_170,Snake Bay,SB69,20.4451,-17.6151,-13.2376,-27.05590997,20.10918219,-16.75289222,-56.80632138,-202.1024465,21.5042034,75,Major,78_sna,12.138986,-68.997639
2794465,DMadr22-6918,Madracis,-,DH0254_MMIR_SNA,mmir_sna_172,Snake Bay,SB70,17.9785,-22.7386,-8.91468,-25.50358427,20.19571114,-15.61835748,-54.02236451,-201.8941071,23.07774109,184,Minor,78_sna,12.138986,-68.997639
2794466,DMadr22-6918,Madracis,-,DH0255_MMIR_SNA,mmir_sna_174,Snake Bay,SB71,15.9673,-18.5348,-11.2579,-26.65822267,19.39727636,-15.68671065,-55.95276759,-203.2056401,23.25045339,75,Major,78_sna,12.138986,-68.997639
2794467,DMadr22-6918,Madracis,-,DH0256_MMIR_SNA,mmir_sna_176,Snake Bay,SB72,15.7396,-22.4856,-8.9532,-25.52716322,19.68710986,-15.28750867,-54.00332776,-202.7120549,23.67166489,184,Minor,78_sna,12.138986,-68.997639
2795431,DMadr22-6918,Madracis,-,DH0257_MMIR_SNA,mmir_sna_178,Snake Bay,SB73,14.1752,-28.881,-8.3052,-23.7686261,19.42902284,-15.15086055,-51.0709069,-203.1631557,23.58662368,0,Major,77_sna,12.138986,-68.997639
2795432,DMadr22-6918,Madracis,-,DH0258_MMIR_SNA,mmir_sna_180,Snake Bay,SB74,13.9896,-32.6955,-8.0619,-22.73931023,19.42171378,-15.21138758,-49.37981318,-203.1997629,23.29259147,67,Major,77_sna,12.138986,-68.997639
2796100,DMadr22-6918,Madracis,-,DH0258_MMIR_SNA,mmir_sna_180,Snake Bay,,,,,,,,,,,67,Major,77_sna,12.138986,-68.997639
2795433,DMadr22-6918,Madracis,-,DH0259_MMIR_SNA,mmir_sna_182,Snake Bay,SB75,9.81922,-32.101,-8.57994,-22.83008745,18.40801244,-14.68981585,-49.44045851,-204.8405955,24.25688823,75,Major,77_sna,12.138986,-68.997639
2795434,DMadr22-6918,Madracis,-,DH0260_MMIR_SNA,mmir_sna_184,Snake Bay,SB76,8.72463,-28.5715,-9.10658,-23.76640219,18.08542814,-14.51424179,-50.95896373,-205.3448082,24.75120716,75,Major,77_sna,12.138986,-68.997639
2795435,DMadr22-6918,Madracis,-,DH0261_MMIR_SNA,mmir_sna_186,Snake Bay,SB77,10.0633,-26.0014,-8.28835,-24.45365495,18.50911523,-14.43383983,-52.07656077,-204.6206352,24.97829741,75,Major,77_sna,12.138986,-68.997639
2795526,DMadr22-6918,Madracis,-,DH0265_MMIR_SNA,mmir_sna_194,Snake Bay,SB81,7.61519,-20.5868,-9.43022,-25.88500278,17.79181741,-14.12545502,-54.39241398,-205.7608761,25.81891484,185,Minor,77_sna,12.138986,-68.997639
2795527,DMadr22-6918,Madracis,-,DH0266_MMIR_SNA,mmir_sna_196,Snake Bay,SB82,6.77029,-26.8354,-8.41246,-24.16857569,17.75045015,-14.0071311,-51.53109939,-205.8523171,25.69329856,75,Major,77_sna,12.138986,-68.997639
2795528,DMadr22-6918,Madracis,-,DH0267_MMIR_SNA,mmir_sna_198,Snake Bay,SB83,5.14711,-32.0932,-8.71433,-22.74217007,17.33838857,-14.0307843,-49.17994588,-206.5664342,25.4192055,75,Major,77_sna,12.138986,-68.997639
2795529,DMadr22-6918,Madracis,-,DH0268_MMIR_SNA,mmir_sna_200,Snake Bay,SB84,2.79786,-31.6428,-8.94825,-22.82231918,16.77602081,-13.7197921,-49.25875754,-207.4743616,25.99555295,75,Major,77_sna,12.138986,-68.997639
2795530,DMadr22-6918,Madracis,-,DH0269_MMIR_SNA,mmir_sna_202,Snake Bay,SB85,3.584056377,-28.38894844,-7.239865303,-23.65304046,17.20833757,-13.3344717,-50.55571452,-206.7079219,26.75280798,75,Major,77_sna,12.138986,-68.997639
2795531,DMadr22-6918,Madracis,-,DH0270_MMIR_SNA,mmir_sna_204,Snake Bay,SB86,4.91376,-24.4849,-8.537,-24.76230723,17.31594877,-13.67369012,-52.45399951,-206.536058,26.39307959,75,Major,77_sna,12.138986,-68.997639
2795532,DMadr22-6918,Madracis,-,DH0271_MMIR_SNA,mmir_sna_207,Snake Bay,SB88,4.1319,-15.7018,-10.9954,-27.16739539,16.77873152,-13.77838129,-56.45729666,-207.3925933,26.72021077,185,Minor,77_sna,12.138986,-68.997639
2795533,DMadr22-6918,Madracis,-,DH0272_MMIR_SNA,mmir_sna_209,Snake Bay,SB89,1.0762,-15.0308,-10.3853,-27.26575318,16.1833185,-13.16728173,-56.50957202,-208.330319,27.7985993,77,Major,77_sna,12.138986,-68.997639
2795621,DMadr22-6918,Madracis,-,DH0273_MMIR_SNA,mmir_sna_211,Snake Bay,SB90,-0.677736,-23.9751,-8.02805,-24.76968217,16.13572051,-12.71733472,-52.29571348,-208.4194399,28.0739528,77,Major,81_sna,12.138986,-68.997639
2795622,DMadr22-6918,Madracis,-,DH0274_MMIR_SNA,mmir_sna_213,Snake Bay,SB91,-1.87824,-26.742,-7.07366,-23.97721392,16.00668531,-12.43107472,-50.93171633,-208.6253209,28.40790186,185,Minor,81_sna,12.138986,-68.997639
2795623,DMadr22-6918,Madracis,-,DH0275_MMIR_SNA,mmir_sna_215,Snake Bay,SB92,-1.30648,-29.8338,-8.63311,-23.21245793,15.90167978,-12.97738271,-49.7713708,-208.8595429,27.36956586,67,Major,81_sna,12.138986,-68.997639
2795624,DMadr22-6918,Madracis,-,DH0276_MMIR_SNA,mmir_sna_217,Snake Bay,SB93,-4.81122,-29.7534,-8.30173,-23.15287465,15.16364185,-12.38409164,-49.56710207,-210.0388932,28.40068505,67,Major,74_sna,12.138986,-68.997639
2795625,DMadr22-6918,Madracis,-,DH0277_MMIR_SNA,mmir_sna_219,Snake Bay,SB94,-4.52241,-25.818,-6.56182,-24.15446198,15.48922864,-11.89307292,-51.12763419,-209.4379665,29.37387299,73,Major,81_sna,12.138986,-68.997639
2795626,DMadr22-6918,Madracis,-,DH0278_MMIR_SNA,mmir_sna_221,Snake Bay,SB95,-4.3452,-22.9167,-7.63176,-24.96578061,15.37124469,-12.04920873,-52.50042525,-209.6317357,29.2792873,67,Major,81_sna,12.138986,-68.997639
2795716,DMadr22-6918,Madracis,-,DH0281_MMIR_SNA,mmir_sna_227,Snake Bay,SB98,-8.43022,-14.8853,-10.5306,-27.11744888,14.02606205,-11.79300486,-56.02358471,-211.8067756,30.22282955,185,Minor,52_sna,12.138986,-68.997639
2795717,DMadr22-6918,Madracis,-,DH0282_MMIR_SNA,mmir_sna_229,Snake Bay,SB99,-7.11154,-19.9522,-8.39652,-25.72506136,14.6373938,-11.70123829,-53.69721414,-210.8089294,30.0596076,0,Major,81_sna,12.138986,-68.997639
2795718,DMadr22-6918,Madracis,-,DH0283_MMIR_SNA,mmir_sna_231,Snake Bay,SB99,-7.11154,-19.9522,-8.39652,-25.72506136,14.6373938,-11.70123829,-53.69721414,-210.8089294,30.0596076,185,Minor,81_sna,12.138986,-68.997639
2795719,DMadr22-6918,Madracis,-,DH0284_MMIR_SNA,mmir_sna_233,Snake Bay,SB100,-5.19969,-23.4895,-7.30153,-24.78535464,15.22813072,-11.8711212,-52.16950766,-209.8584049,29.55145045,185,Minor,81_sna,12.138986,-68.997639
2795720,DMadr22-6918,Madracis,-,DH0285_MMIR_SNA,mmir_sna_235,Snake Bay,SB101,-8.96627,-26.0294,-6.74601,-24.01420868,14.463371,-11.28692351,-50.79017796,-211.0963875,30.43523716,75,Major,74_sna,12.138986,-68.997639
2795721,DMadr22-6918,Madracis,-,DH0286_MMIR_SNA,mmir_sna_237,Snake Bay,SB102,-8.42055,-30.123,-7.60276,-22.9595876,14.45657833,-11.71036026,-49.12610724,-211.1626137,29.53680639,73,Major,74_sna,12.138986,-68.997639
2795722,DMadr22-6918,Madracis,-,DH0287_MMIR_SNA,mmir_sna_239,Snake Bay,SB103,-12.3374,-29.4833,-8.47659,-23.07867523,13.44692709,-11.30362679,-49.25534287,-212.8056694,30.31638917,73,Major,74_sna,12.138986,-68.997639
2795344,DMadr22-6918,Madracis,-,DH0289_MMIR_SNA,mmir_sna_259,Snake Bay,SB113,-17.8573,-11.7239,-12.1838,-27.82278056,11.66373512,-10.65360458,-56.99614964,-215.6275252,32.43772699,79,Major,52_sna,12.138986,-68.997639
2795345,DMadr22-6918,Madracis,-,DH0290_MMIR_SNA,mmir_sna_261,Snake Bay,SB114,-21.9353,-24.7875,-11.682,-24.23862451,10.81603524,-10.42724351,-51.03235644,-217.0861616,32.20535667,80,Major,76_sna,12.138986,-68.997639
2795346,DMadr22-6918,Madracis,-,DH0291_MMIR_SNA,mmir_sna_263,Snake Bay,SB115,-24.7426,-26.3648,-11.2972,-23.74904901,10.24184582,-9.986580794,-50.14425039,-218.0137934,32.88919271,79,Major,75_sna,12.138986,-68.997639
2795347,DMadr22-6918,Madracis,-,DH0292_MMIR_SNA,mmir_sna_265,Snake Bay,SB116,-25.0678,-28.9334,-9.96985,-23.01547573,10.36503372,-9.738980315,-48.88265212,-217.8023408,33.1491524,79,Major,75_sna,12.138986,-68.997639
2795348,DMadr22-6918,Madracis,-,DH0293_MMIR_SNA,mmir_sna_267,Snake Bay,,,,,,,,,,,79,Major,NA,12.138986,-68.997639
2795349,DMadr22-6918,Madracis,-,DH0294_MMIR_SNA,mmir_sna_269,Snake Bay,,,,,,,,,,,75,Major,NA,12.138986,-68.997639
2795350,DMadr22-6918,Madracis,-,DH0295_MMIR_SNA,mmir_sna_270,Snake Bay,SB119,43.9922,-11.4615,-20.4722,-29.39932116,24.32592291,-21.60396591,-61.56404175,-195.4472423,13.57743589,0,Minor,85_sna,12.138986,-68.997639
2795351,DMadr22-6918,Madracis,-,DH0296_MMIR_SNA,mmir_sna_272,Snake Bay,SB120,35.9687,-9.93581,-16.9699,-29.5350742,23.04510987,-19.58540003,-61.41742867,-197.4076527,17.04596022,81,Major,85_sna,12.138986,-68.997639
2794468,DMadr22-6918,Madracis,-,DH0297_MMIR_SNA,mmir_sna_274,Snake Bay,SB121,32.4718,-11.8594,-15.8291,-28.91551874,22.42829782,-18.88780003,-60.26594298,-198.3873775,18.13329901,81,Major,85_sna,12.138986,-68.997639
2796042,DMadr22-6918,Madracis,-,DH0297_MMIR_SNA,mmir_sna_274,Snake Bay,,,,,,,,,,,81,Major,85_sna,12.138986,-68.997639
2794469,DMadr22-6918,Madracis,-,DH0298_MMIR_SNA,mmir_sna_276,Snake Bay,SB122,33.4823,-8.79388,-17.0826,-29.79320926,22.47029096,-19.20148011,-61.77693083,-198.3268932,17.77750052,81,Major,85_sna,12.138986,-68.997639
2796043,DMadr22-6918,Madracis,-,DH0298_MMIR_SNA,mmir_sna_276,Snake Bay,,,,,,,,,,,81,Major,85_sna,12.138986,-68.997639
2794470,DMadr22-6918,Madracis,-,DH0299_MMIR_SNA,mmir_sna_278,Snake Bay,SB123,10.929,-11.8159,-11.7574,-28.36531038,18.19424752,-14.80508323,-58.62047342,-205.1009964,25.1312156,82,Major,73_sna,12.138986,-68.997639
2796044,DMadr22-6918,Madracis,-,DH0299_MMIR_SNA,mmir_sna_278,Snake Bay,,,,,,,,,,,82,Major,73_sna,12.138986,-68.997639
2794471,DMadr22-6918,Madracis,-,DH0300_MMIR_SNA,mmir_sna_280,Snake Bay,SB124,10.8087,-15.9816,-10.3099,-27.20589708,18.38058585,-14.62041245,-56.66582242,-204.7977809,25.20135668,75,Major,77_sna,12.138986,-68.997639
2796045,DMadr22-6918,Madracis,-,DH0300_MMIR_SNA,mmir_sna_280,Snake Bay,,,,,,,,,,,75,Major,77_sna,12.138986,-68.997639
2794472,DMadr22-6918,Madracis,-,DH0301_MMIR_SNA,mmir_sna_282,Snake Bay,SB125,10.9033,-10.3062,-12.0662,-28.77734431,18.14325009,-14.81378909,-59.30417259,-205.1787329,25.19904876,82,Major,73_sna,12.138986,-68.997639
2796046,DMadr22-6918,Madracis,-,DH0301_MMIR_SNA,mmir_sna_282,Snake Bay,,,,,,,,,,,82,Major,73_sna,12.138986,-68.997639
2794473,DMadr22-6918,Madracis,-,DH0302_MMIR_SNA,mmir_sna_284,Snake Bay,SB126,11.926,1.51411,-14.3641,-32.02432133,18.03676036,-15.03568211,-64.71830212,-205.3128006,25.45545475,188,Minor,73_sna,12.138986,-68.997639
2796047,DMadr22-6918,Madracis,-,DH0302_MMIR_SNA,mmir_sna_284,Snake Bay,,,,,,,,,,,188,Minor,73_sna,12.138986,-68.997639
2794474,DMadr22-6918,Madracis,-,DH0303_MMIR_SNA,mmir_sna_286,Snake Bay,SB127,8.62273,-4.34875,-13.5848,-30.36872971,17.40780445,-14.59369965,-61.90168316,-206.3534262,25.92558543,82,Major,73_sna,12.138986,-68.997639
2796048,DMadr22-6918,Madracis,-,DH0303_MMIR_SNA,mmir_sna_286,Snake Bay,,,,,,,,,,,82,Major,73_sna,12.138986,-68.997639
2794475,DMadr22-6918,Madracis,-,DH0304_MMIR_SNA,mmir_sna_288,Snake Bay,SB128,6.83883,-10.1502,-10.6695,-28.69330597,17.4379821,-13.89818201,-58.99796333,-206.277409,26.75528562,82,Major,73_sna,12.138986,-68.997639
2796049,DMadr22-6918,Madracis,-,DH0304_MMIR_SNA,mmir_sna_288,Snake Bay,,,,,,,,,,,82,Major,73_sna,12.138986,-68.997639
2795439,DMadr22-6918,Madracis,-,DH0305_MMIR_SNA,mmir_sna_290,Snake Bay,SB129,4.14109,-10.5353,-9.58708,-28.50226137,16.99275295,-13.27408433,-58.56764827,-206.9697911,27.78776356,82,Major,73_sna,12.138986,-68.997639
2795440,DMadr22-6918,Madracis,-,DH0306_MMIR_SNA,mmir_sna_292,Snake Bay,SB130,0.156138,-15.1136,-10.1076,-27.21641331,16.01789059,-12.9729734,-56.39262145,-208.5902758,28.12423093,77,Major,77_sna,12.138986,-68.997639
2795441,DMadr22-6918,Madracis,-,DH0307_MMIR_SNA,mmir_sna_294,Snake Bay,SB131,5.8728,-6.78934,-11.0918,-29.58394292,17.15972237,-13.72462271,-60.44087778,-206.708945,27.23390237,82,Major,73_sna,12.138986,-68.997639
2796110,DMadr22-6918,Madracis,-,DH0308_MMIR_SNA,mmir_sna_296,Snake Bay,SB132,1.03736,-3.14429,-12.5307,-30.50421933,15.86106159,-13.19631951,-61.87503563,-208.8074002,28.39019974,189,Minor,73_sna,12.138986,-68.997639
2795443,DMadr22-6918,Madracis,-,DH0309_MMIR_SNA,mmir_sna_298,Snake Bay,SB133,1.00141,-5.68041,-11.8384,-29.80502288,15.95477414,-13.13142249,-60.70525832,-208.6594148,28.35729676,189,Minor,73_sna,12.138986,-68.997639
2795444,DMadr22-6918,Madracis,-,DH0310_MMIR_SNA,mmir_sna_300,Snake Bay,SB134,0.777638,-9.24403,-10.8927,-28.81990373,16.04350112,-13.02072083,-59.05387176,-208.5213362,28.34641876,0,Major,73_sna,12.138986,-68.997639
2795445,DMadr22-6918,Madracis,-,DH0311_MMIR_SNA,mmir_sna_302,Snake Bay,SB135,-1.32858,-12.4398,-11.3393,-27.93857306,15.50236626,-12.928608,-57.58359222,-209.4302172,28.37754006,0,Major,73_sna,12.138986,-68.997639
2795534,DMadr22-6918,Madracis,-,DH0313_MMIR_SNA,mmir_sna_306,Snake Bay,SB137,-5.49556,-8.5071,-12.0969,-28.92776731,14.45537176,-12.33655428,-59.11729432,-211.1036097,29.63098382,80,Major,52_sna,12.138986,-68.997639
2795535,DMadr22-6918,Madracis,-,DH0314_MMIR_SNA,mmir_sna_308,Snake Bay,SB138,-6.33906,-13.1745,-11.2484,-27.63863392,14.38988796,-12.19722535,-56.9590297,-211.2253432,29.62290683,80,Major,52_sna,12.138986,-68.997639
2795536,DMadr22-6918,Madracis,-,DH0315_MMIR_SNA,mmir_sna_310,Snake Bay,SB139,-11.3691,-11.6514,-10.2159,-27.91135757,13.41416244,-11.16942701,-57.22419699,-212.757742,31.45475639,80,Major,52_sna,12.138986,-68.997639
2795537,DMadr22-6918,Madracis,-,DH0316_MMIR_SNA,mmir_sna_312,Snake Bay,SB140,-11.3579,-8.41473,-10.8838,-28.79624388,13.31885129,-11.19916701,-58.69447625,-212.9019707,31.58099282,80,Major,52_sna,12.138986,-68.997639
2795538,DMadr22-6918,Madracis,-,DH0317_MMIR_SNA,mmir_sna_314,Snake Bay,SB141,-11.2671,-5.83233,-11.378,-29.50269637,13.26695371,-11.22635446,-59.86870685,-212.9771685,31.67404457,80,Major,52_sna,12.138986,-68.997639
2795539,DMadr22-6918,Madracis,-,DH0318_MMIR_SNA,mmir_sna_316,Snake Bay,SB142,-10.4469,-1.9386,-12.9466,-30.60743297,13.21971038,-11.55125216,-61.75822944,-213.0617107,31.35016977,80,Major,52_sna,12.138986,-68.997639
2795540,DMadr22-6918,Madracis,-,DH0319_MMIR_SNA,mmir_sna_318,Snake Bay,SB143,-13.2002,-4.83387,-11.8253,-29.74417345,12.76659411,-11.00376683,-60.23058079,-213.7862433,32.12961953,80,Major,52_sna,12.138986,-68.997639
2795541,DMadr22-6918,Madracis,-,DH0320_MMIR_SNA,mmir_sna_320,Snake Bay,SB144,-15.3533,-7.69424,-11.5974,-28.93029261,12.315428,-10.7422018,-58.83886674,-214.5302351,32.44586871,80,Major,52_sna,12.138986,-68.997639
2795633,DMadr22-6918,Madracis,-,DH0325_MMIR_SNA,mmir_sna_330,Snake Bay,SB149,-17.7394,-1.00315,-12.9744,-30.71090134,11.57768674,-10.4477436,-61.73528761,-215.6990226,33.3312482,85,Major,53_sna,12.138986,-68.997639
2796111,DMadr22-6918,Madracis,-,DH0325_MMIR_SNA,mmir_sna_330,Snake Bay,,,,,,,,,,,85,Major,53_sna,12.138986,-68.997639
2795634,DMadr22-6918,Madracis,-,DH0326_MMIR_SNA,mmir_sna_332,Snake Bay,SB150,-18.0354,1.34711,-12.9639,-31.33180761,11.51386279,-10.31428135,-62.73762873,-215.7823891,33.67453996,85,Major,53_sna,12.138986,-68.997639
2796112,DMadr22-6918,Madracis,-,DH0326_MMIR_SNA,mmir_sna_332,Snake Bay,,,,,,,,,,,85,Major,53_sna,12.138986,-68.997639
2795635,DMadr22-6918,Madracis,-,DH0327_MMIR_SNA,mmir_sna_334,Snake Bay,SB151,-23.2824,0.161888,-14.8895,-30.96998626,10.04804882,-10.01341885,-62.09573103,-218.2018272,34.22671259,86,Major,53_sna,12.138986,-68.997639
2796113,DMadr22-6918,Madracis,-,DH0327_MMIR_SNA,mmir_sna_334,Snake Bay,,,,,,,,,,,86,Major,53_sna,12.138986,-68.997639
2795724,DMadr22-6918,Madracis,-,DH0329_MMIR_SNA,mmir_sna_338,Snake Bay,SB153,-22.8306,-11.0178,-12.1194,-27.90892031,10.55634986,-9.8799579,-57.00215253,-217.4033931,33.82549975,80,Major,52_sna,12.138986,-68.997639
2795725,DMadr22-6918,Madracis,-,DH0330_MMIR_SNA,mmir_sna_340,Snake Bay,SB154,-33.1839,-6.22936,-17.7688,-29.15485648,7.392212418,-9.432497204,-59.00781063,-222.6044397,35.06703785,87,Major,48_sna,12.138986,-68.997639
2795726,DMadr22-6918,Madracis,-,DH0331_MMIR_SNA,mmir_sna_342,Snake Bay,SB155,-32.5701,-2.54164,-19.1512,-30.19462642,7.326201888,-9.693218664,-60.77786199,-222.7161121,34.83848581,87,Major,49_sna,12.138986,-68.997639
2795728,DMadr22-6918,Madracis,-,DH0333_MMIR_SNA,mmir_sna_346,Snake Bay,SB157,-36.7325,-5.57248,-19.2866,-29.30610998,6.369499708,-9.222665309,-59.22775136,-224.2848839,35.52849957,87,Major,48_sna,12.138986,-68.997639
2795729,DMadr22-6918,Madracis,-,DH0334_MMIR_SNA,mmir_sna_348,Snake Bay,SB158,-39.2539,-6.48512,-19.9433,-29.03227249,5.704916026,-9.03109947,-58.74463924,-225.3793451,35.84921389,0,Major,47_sna,12.138986,-68.997639
2795730,DMadr22-6918,Madracis,-,DH0335_MMIR_SNA,mmir_sna_350,Snake Bay,SB159,-39.7117,-1.64433,-20.163,-30.32175798,5.571676031,-8.832281409,-60.84116022,-225.5601062,36.43276409,89,Major,46_sna,12.138986,-68.997639
2795731,DMadr22-6918,Madracis,-,DH0336_MMIR_SNA,mmir_sna_352,Snake Bay,SB160,-38.1642,0.863283,-20.8519,-31.04371835,5.818040197,-9.120276014,-62.08775716,-225.160597,36.07272756,89,Major,46_sna,12.138986,-68.997639
2795352,DMadr22-6918,Madracis,-,DH0337_MMIR_SNA,mmir_sna_369,Snake Bay,SB169,28.3567,22.1901,-22.4107,-38.12518204,20.54081404,-18.47783536,-75.44003226,-201.3181215,20.71128933,190,Minor,84_sna,12.138986,-68.997639
2795353,DMadr22-6918,Madracis,-,DH0338_MMIR_SNA,mmir_sna_371,Snake Bay,SB170,23.6301,7.95413,-18.9824,-34.12348477,19.9822069,-17.54846484,-68.64941015,-202.2458081,21.53704971,67,Major,83_sna,12.138986,-68.997639
2795354,DMadr22-6918,Madracis,-,DH0339_MMIR_SNA,mmir_sna_373,Snake Bay,SB171,17.9107,6.96923,-17.2958,-33.69253697,18.94772949,-16.36691252,-67.7219583,-203.8764909,23.49480153,67,Major,82_sna,12.138986,-68.997639
2795355,DMadr22-6918,Madracis,-,DH0340_MMIR_SNA,mmir_sna_375,Snake Bay,SB172,20.2862,7.53209,-18.9654,-33.94290062,19.23329634,-17.06752576,-68.26641502,-203.4548121,22.36058442,0,Minor,82_sna,12.138986,-68.997639
2795356,DMadr22-6918,Madracis,-,DH0341_MMIR_SNA,mmir_sna_377,Snake Bay,SB173,14.8511,3.4969,-15.6001,-32.65112555,18.51097754,-15.6679776,-65.87071726,-204.5646585,24.48939503,188,Minor,73_sna,12.138986,-68.997639
2795357,DMadr22-6918,Madracis,-,DH0342_MMIR_SNA,mmir_sna_379,Snake Bay,SB174,12.0848,1.57502,-14.4396,-32.04614116,18.06123338,-15.07361701,-64.7613672,-205.2748284,25.39484557,188,Minor,73_sna,12.138986,-68.997639
2795358,DMadr22-6918,Madracis,-,DH0343_MMIR_SNA,mmir_sna_381,Snake Bay,SB175,13.9837,23.605,-18.7533,-38.09848744,17.8565451,-15.49301386,-74.85443008,-205.535505,25.86374167,90,Major,71_sna,12.138986,-68.997639
2795359,DMadr22-6918,Madracis,-,DH0344_MMIR_SNA,mmir_sna_383,Snake Bay,SB176,12.975,18.3569,-17.4345,-36.63633409,17.82363688,-15.24632713,-72.38927976,-205.597464,25.99756783,0,Minor,70_sna,12.138986,-68.997639
2794476,DMadr22-6918,Madracis,-,DH0345_MMIR_SNA,mmir_sna_385,Snake Bay,SB177,4.31347,7.44829,-14.712,-33.4653443,16.27758685,-13.77011785,-66.87822272,-208.1062482,27.96708177,91,Major,56_sna,12.138986,-68.997639
2796050,DMadr22-6918,Madracis,-,DH0345_MMIR_SNA,mmir_sna_385,Snake Bay,,,,,,,,,,,91,Major,56_sna,12.138986,-68.997639
2794477,DMadr22-6918,Madracis,-,DH0346_MMIR_SNA,mmir_sna_387,Snake Bay,SB178,4.04175,10.3653,-15.0976,-34.25038391,16.16056006,-13.70725483,-68.16596533,-208.2808192,28.22925776,90,Major,56_sna,12.138986,-68.997639
2796051,DMadr22-6918,Madracis,-,DH0346_MMIR_SNA,mmir_sna_387,Snake Bay,,,,,,,,,,,90,Major,56_sna,12.138986,-68.997639
2794478,DMadr22-6918,Madracis,-,DH0347_MMIR_SNA,mmir_sna_389,Snake Bay,SB179,4.5059,15.9021,-16.6667,-35.78643567,16.03403056,-13.91861445,-70.74814205,-208.4796692,28.18120785,92,Major,56_sna,12.138986,-68.997639
2796052,DMadr22-6918,Madracis,-,DH0347_MMIR_SNA,mmir_sna_389,Snake Bay,,,,,,,,,,,92,Major,56_sna,12.138986,-68.997639
2794479,DMadr22-6918,Madracis,-,DH0348_MMIR_SNA,mmir_sna_391,Snake Bay,SB180,4.24255,19.7164,-17.4117,-36.82234883,15.86584287,-13.90353534,-72.46041833,-208.7385241,28.41619274,90,Major,56_sna,12.138986,-68.997639
2796053,DMadr22-6918,Madracis,-,DH0348_MMIR_SNA,mmir_sna_391,Snake Bay,,,,,,,,,,,90,Major,56_sna,12.138986,-68.997639
2794480,DMadr22-6918,Madracis,-,DH0349_MMIR_SNA,mmir_sna_393,Snake Bay,SB181,1.61696,18.9641,-17.1459,-36.56032588,15.31516406,-13.48541542,-71.95277913,-209.6246243,29.10383572,90,Major,56_sna,12.138986,-68.997639
2796054,DMadr22-6918,Madracis,-,DH0349_MMIR_SNA,mmir_sna_393,Snake Bay,,,,,,,,,,,90,Major,56_sna,12.138986,-68.997639
2794481,DMadr22-6918,Madracis,-,DH0350_MMIR_SNA,mmir_sna_395,Snake Bay,SB182,1.95916,15.2639,-16.0176,-35.54445481,15.55814205,-13.42259622,-70.25816909,-209.2345841,28.99503495,90,Major,56_sna,12.138986,-68.997639
2796055,DMadr22-6918,Madracis,-,DH0350_MMIR_SNA,mmir_sna_395,Snake Bay,,,,,,,,,,,90,Major,56_sna,12.138986,-68.997639
2794482,DMadr22-6918,Madracis,-,DH0351_MMIR_SNA,mmir_sna_397,Snake Bay,SB183,1.76409,8.23607,-15.0701,-33.63537999,15.65194405,-13.44469369,-67.10357384,-209.116503,28.58960332,90,Major,56_sna,12.138986,-68.997639
2796056,DMadr22-6918,Madracis,-,DH0351_MMIR_SNA,mmir_sna_397,Snake Bay,,,,,,,,,,,90,Major,56_sna,12.138986,-68.997639
2794483,DMadr22-6918,Madracis,-,DH0352_MMIR_SNA,mmir_sna_399,Snake Bay,SB184,-1.17807,8.5823,-14.7046,-33.65701309,15.04549699,-12.91683603,-67.0448385,-210.0809078,29.51688719,91,Major,56_sna,12.138986,-68.997639
2796057,DMadr22-6918,Madracis,-,DH0352_MMIR_SNA,mmir_sna_399,Snake Bay,,,,,,,,,,,91,Major,56_sna,12.138986,-68.997639
2795448,DMadr22-6918,Madracis,-,DH0354_MMIR_SNA,mmir_sna_403,Snake Bay,SB186,-0.131624,16.4679,-16.6229,-35.84254932,14.99894962,-13.20426508,-70.71505589,-210.1407728,29.4592427,90,Major,56_sna,12.138986,-68.997639
2795451,DMadr22-6918,Madracis,-,DH0357_MMIR_SNA,mmir_sna_409,Snake Bay,SB189,-5.70339,16.4846,-16.0956,-35.71815637,13.82565017,-12.26509306,-70.34200177,-212.0165432,31.08622481,92,Major,56_sna,12.138986,-68.997639
2795452,DMadr22-6918,Madracis,-,DH0358_MMIR_SNA,mmir_sna_411,Snake Bay,SB190,-4.91264,13.2716,-15.7531,-34.86594163,14.05273009,-12.42506558,-68.96054379,-211.668264,30.64163421,92,Major,56_sna,12.138986,-68.997639
2795453,DMadr22-6918,Madracis,-,DH0359_MMIR_SNA,mmir_sna_413,Snake Bay,SB191,-7.99617,19.4523,-17.4864,-36.50743442,13.10505747,-12.12607779,-71.62795021,-213.1883963,31.52588184,90,Major,56_sna,12.138986,-68.997639
2795454,DMadr22-6918,Madracis,-,DH0360_MMIR_SNA,mmir_sna_415,Snake Bay,SB192,-13.1045,17.2857,-18.1728,-35.84772677,11.85428247,-11.60650622,-70.44977371,-215.2378001,32.36493245,90,Major,89_sna,12.138986,-68.997639
2795542,DMadr22-6918,Madracis,-,DH0361_MMIR_SNA,mmir_sna_417,Snake Bay,SB193,-13.1273,9.88755,-16.1462,-33.80952449,12.14714409,-11.42771528,-67.04158572,-214.7745407,32.25019705,92,Major,54_sna,12.138986,-68.997639
2795543,DMadr22-6918,Madracis,-,DH0362_MMIR_SNA,mmir_sna_419,Snake Bay,SB194,-16.576,10.2411,-14.6766,-33.78833966,11.59115341,-10.57929612,-66.85070222,-215.629353,33.69473684,92,Major,54_sna,12.138986,-68.997639
2795544,DMadr22-6918,Madracis,-,DH0363_MMIR_SNA,mmir_sna_421,Snake Bay,SB195,-17.5152,13.9198,-15.9706,-34.79162195,11.18939292,-10.59178495,-68.51642116,-216.2795066,33.89769047,92,Major,54_sna,12.138986,-68.997639
2795545,DMadr22-6918,Madracis,-,DH0364_MMIR_SNA,mmir_sna_423,Snake Bay,SB196,-16.6878,17.455,-17.183,-35.78967553,11.1965876,-10.85184806,-70.21665684,-216.2701814,33.65616769,90,Major,55_sna,12.138986,-68.997639
2795546,DMadr22-6918,Madracis,-,DH0365_MMIR_SNA,mmir_sna_425,Snake Bay,SB197,-16.6474,20.2643,-18.084,-36.56839623,11.07295683,-10.95366009,-71.52526703,-216.469466,33.64564272,90,Major,55_sna,12.138986,-68.997639
2795547,DMadr22-6918,Madracis,-,DH0366_MMIR_SNA,mmir_sna_427,Snake Bay,SB198,-20.9018,19.8207,-17.7409,-36.35349296,10.16799581,-10.26677464,-71.04787114,-217.9215873,34.81608668,90,Major,55_sna,12.138986,-68.997639
2795548,DMadr22-6918,Madracis,-,DH0367_MMIR_SNA,mmir_sna_429,Snake Bay,SB199,-20.1022,17.0724,-17.0586,-35.61483347,10.44783463,-10.33515623,-69.83637205,-217.4758594,34.53984275,90,Major,55_sna,12.138986,-68.997639
2795549,DMadr22-6918,Madracis,-,DH0368_MMIR_SNA,mmir_sna_431,Snake Bay,SB200,-19.2372,13.52,-16.1839,-34.65688408,10.77060779,-10.40031012,-68.26111824,-216.9626137,34.22384379,0,Major,54_sna,12.138986,-68.997639
2795637,DMadr22-6918,Madracis,-,DH0369_MMIR_SNA,mmir_sna_433,Snake Bay,SB201,-19.4325,11.067,-14.9191,-33.95873746,10.91372846,-10.18146784,-67.06339348,-216.7197231,34.44131107,92,Major,54_sna,12.138986,-68.997639
2796115,DMadr22-6918,Madracis,-,DH0369_MMIR_SNA,mmir_sna_433,Snake Bay,,,,,,,,,,,92,Major,54_sna,12.138986,-68.997639
2795638,DMadr22-6918,Madracis,-,DH0370_MMIR_SNA,mmir_sna_435,Snake Bay,SB202,-23.6269,18.0336,-17.9379,-35.8277966,9.525622242,-9.975470912,-70.1290047,-218.9756302,35.25207977,90,Major,55_sna,12.138986,-68.997639
2796116,DMadr22-6918,Madracis,-,DH0370_MMIR_SNA,mmir_sna_435,Snake Bay,,,,,,,,,,,90,Major,55_sna,12.138986,-68.997639
2795639,DMadr22-6918,Madracis,-,DH0371_MMIR_SNA,mmir_sna_437,Snake Bay,SB203,-38.4735,7.00189,-22.8498,-32.73819755,5.454242029,-9.290624229,-64.92643424,-225.7476124,36.14238939,90,Major,50_sna,12.138986,-68.997639
2796117,DMadr22-6918,Madracis,-,DH0371_MMIR_SNA,mmir_sna_437,Snake Bay,,,,,,,,,,,90,Major,50_sna,12.138986,-68.997639
2795640,DMadr22-6918,Madracis,-,DH0372_MMIR_SNA,mmir_sna_441,Snake Bay,SB204,-44.2627,6.81355,-24.1395,-32.61157363,3.961689783,-8.731263853,-64.62477313,-228.1857004,37.16836182,89,Major,45_sna,12.138986,-68.997639
2796118,DMadr22-6918,Madracis,-,DH0372_MMIR_SNA,mmir_sna_441,Snake Bay,,,,,,,,,,,89,Major,45_sna,12.138986,-68.997639
2796119,DMadr22-6918,Madracis,-,DH0373_MMIR_SNA,mmir_sna_443,Snake Bay,SB205,-52.3111,4.86236,-25.84,-31.98181078,1.899638351,-7.995931512,-63.46276899,-231.5657575,38.43790974,9,Major,38_sna,12.138986,-68.997639
2796120,DMadr22-6918,Madracis,-,DH0374_MMIR_SNA,mmir_sna_445,Snake Bay,SB206,-63.2601,21.2251,-32.4864,-36.33572245,-1.541165552,-7.251570642,-70.55574299,-237.1435964,40.78101732,9,Major,28_sna,12.138986,-68.997639
2795733,DMadr22-6918,Madracis,-,DH0378_MMIR_SNA,mmir_sna_452,Snake Bay,SB211,28.295,22.1876,-22.3588,-38.12164635,20.53467228,-18.4572881,-75.43034093,-201.3267028,20.74508482,190,Minor,84_sna,12.138986,-68.997639
2795734,DMadr22-6918,Madracis,-,DH0379_MMIR_SNA,mmir_sna_453,Snake Bay,SB212,28.5966,26.6173,-23.5645,-39.34759952,20.42516132,-18.60505982,-77.48733613,-201.4978563,20.74201365,0,Minor,84_sna,12.138986,-68.997639
2795735,DMadr22-6918,Madracis,-,DH0380_MMIR_SNA,mmir_sna_454,Snake Bay,SB213,12.5477,20.3442,-19.3951,-37.21942601,17.4369114,-15.54553383,-73.41422074,-206.2542572,25.64610186,90,Major,56_sna,12.138986,-68.997639
2795736,DMadr22-6918,Madracis,-,DH0381_MMIR_SNA,mmir_sna_455,Snake Bay,SB214,10.0025,21.0912,-18.0101,-37.32410492,17.07150159,-14.83445787,-73.45582194,-206.8011315,26.87147446,90,Major,56_sna,12.138986,-68.997639
2795737,DMadr22-6918,Madracis,-,DH0382_MMIR_SNA,mmir_sna_456,Snake Bay,SB215,10.0671,24.1454,-18.2975,-38.14946351,17.04470613,-14.79421233,-74.8137071,-206.8267665,27.09630385,90,Major,56_sna,12.138986,-68.997639
2795739,DMadr22-6918,Madracis,-,DH0384_MMIR_SNA,mmir_sna_458,Snake Bay,SB217,6.38413,34.592,-22.7185,-41.00141491,15.56454701,-14.84598628,-79.5549687,-209.2384821,27.67483405,94,Major,56_sna,12.138986,-68.997639
2795558,DMadr22-6918,Madracis,-,DH0385_MMIR_SNA,mmir_sna_466,Snake Bay,SB225,5.66753,30.4482,-22.0947,-39.86160403,15.49439293,-14.75585732,-77.65308985,-209.3692271,27.61410438,90,Major,56_sna,12.138986,-68.997639
2796066,DMadr22-6918,Madracis,-,DH0385_MMIR_SNA,mmir_sna_466,Snake Bay,,,,,,,,,,,90,Major,56_sna,12.138986,-68.997639
2795360,DMadr22-6918,Madracis,-,DH0386_MMIR_SNA,mmir_sna_467,Snake Bay,SB226,4.35224,33.2914,-22.003,-40.59096516,15.21388883,-14.43574215,-78.80143074,-209.7954278,28.30453956,94,Major,56_sna,12.138986,-68.997639
2795361,DMadr22-6918,Madracis,-,DH0387_MMIR_SNA,mmir_sna_468,Snake Bay,SB227,1.86415,35.0461,-19.9742,-40.94556527,14.95756193,-13.55234248,-79.22270997,-210.141943,29.85267976,94,Major,56_sna,12.138986,-68.997639
2795362,DMadr22-6918,Madracis,-,DH0388_MMIR_SNA,mmir_sna_469,Snake Bay,SB228,-0.977165,33.4658,-19.2028,-40.4424029,14.43324205,-13.02077126,-78.29440624,-210.9793898,30.67993513,94,Major,56_sna,12.138986,-68.997639
2795363,DMadr22-6918,Madracis,-,DH0389_MMIR_SNA,mmir_sna_470,Snake Bay,SB229,-5.75606,30.4112,-17.6248,-39.48148645,13.59292191,-12.07905633,-76.53401037,-212.3170525,32.12486367,90,Major,56_sna,12.138986,-68.997639
2795364,DMadr22-6918,Madracis,-,DH0390_MMIR_SNA,mmir_sna_471,Snake Bay,SB230,-1.42246,28.715,-20.4276,-39.20393547,14.14874376,-13.40448552,-76.32128408,-211.5075971,29.8357684,90,Major,56_sna,12.138986,-68.997639
2795365,DMadr22-6918,Madracis,-,DH0391_MMIR_SNA,mmir_sna_472,Snake Bay,SB231,-2.40059,26.3755,-19.2854,-38.52413095,14.09780916,-13.09330839,-75.13818978,-211.5794177,30.22560684,95,Major,56_sna,12.138986,-68.997639
2795366,DMadr22-6918,Madracis,-,DH0392_MMIR_SNA,mmir_sna_473,Snake Bay,SB232,-0.127022,22.4547,-18.2514,-37.49128372,14.76055467,-13.34435191,-73.47114583,-210.5176206,29.5596806,96,Major,56_sna,12.138986,-68.997639
2795367,DMadr22-6918,Madracis,-,DH0393_MMIR_SNA,mmir_sna_474,Snake Bay,SB233,-4.705106998,22.29710162,-17.37276253,-37.32941574,13.86267968,-12.47996923,-73.04772027,-211.942284,31.03280305,95,Major,56_sna,12.138986,-68.997639
2794484,DMadr22-6918,Madracis,-,DH0394_MMIR_SNA,mmir_sna_475,Snake Bay,SB234,-5.71701,30.6424,-17.7033,-39.54643015,13.59012629,-12.09366853,-76.64423733,-212.321682,32.11323947,90,Major,56_sna,12.138986,-68.997639
2794485,DMadr22-6918,Madracis,-,DH0395_MMIR_SNA,mmir_sna_476,Snake Bay,SB235,-4.03484,35.0881,-19.5029,-40.82307886,13.70242954,-12.57645614,-78.84660657,-212.1507208,31.54757547,90,Major,56_sna,12.138986,-68.997639
2794486,DMadr22-6918,Madracis,-,DH0396_MMIR_SNA,mmir_sna_477,Snake Bay,SB236,-2.72701,37.1721,-19.679,-41.41110858,13.97103582,-12.73081341,-79.84608611,-211.7057094,31.38112189,94,Major,56_sna,12.138986,-68.997639
2794487,DMadr22-6918,Madracis,-,DH0397_MMIR_SNA,mmir_sna_478,Snake Bay,SB237,-5.86768,37.7648,-19.7946,-41.50957163,13.24853721,-12.27155078,-79.92854651,-212.8673125,32.21938829,0,Major,56_sna,12.138986,-68.997639
2794488,DMadr22-6918,Madracis,-,DH0398_MMIR_SNA,mmir_sna_479,Snake Bay,SB238,-7.01459,34.7068,-18.5625,-40.63180726,13.17271822,-11.94224563,-78.41478723,-212.9827549,32.60383803,90,Major,56_sna,12.138986,-68.997639
2794489,DMadr22-6918,Madracis,-,DH0399_MMIR_SNA,mmir_sna_480,Snake Bay,SB239,-8.11221,31.1032,-17.8402,-39.62539147,13.03187358,-11.75393245,-76.71558959,-213.220413,32.73650377,90,Major,56_sna,12.138986,-68.997639
2794490,DMadr22-6918,Madracis,-,DH0400_MMIR_SNA,mmir_sna_481,Snake Bay,SB240,-8.44511,27.4695,-17.1547,-38.62751415,13.05734191,-11.68764153,-75.05212109,-213.1914381,32.65517262,90,Major,56_sna,12.138986,-68.997639
2794491,DMadr22-6918,Madracis,-,DH0401_MMIR_SNA,mmir_sna_482,Snake Bay,SB241,-8.562042404,23.02279329,-17.89381794,-37.46161796,12.91901027,-12.0003839,-73.18420331,-213.4693499,31.92966494,96,Major,56_sna,12.138986,-68.997639
2795455,DMadr22-6918,Madracis,-,DH0402_MMIR_SNA,mmir_sna_483,Snake Bay,SB242,-12.6449,23.6007,-17.6964,-37.52733822,12.03139933,-11.33316279,-73.17457334,-214.888943,33.11922664,0,Major,88_sna,12.138986,-68.997639
2795456,DMadr22-6918,Madracis,-,DH0403_MMIR_SNA,mmir_sna_484,Snake Bay,SB243,-11.3738,27.5256,-17.5725,-38.59651013,12.33725553,-11.34683065,-74.94288414,-214.361268,33.27305637,90,Major,56_sna,12.138986,-68.997639
2795457,DMadr22-6918,Madracis,-,DH0404_MMIR_SNA,mmir_sna_485,Snake Bay,SB244,-10.4684,29.7022,-17.4971,-39.19326542,12.5529104,-11.38247393,-75.93475881,-213.9943302,33.30884498,96,Major,56_sna,12.138986,-68.997639
2795458,DMadr22-6918,Madracis,-,DH0405_MMIR_SNA,mmir_sna_486,Snake Bay,SB245,-10.4036,33.6875,-18.3156,-40.2837297,12.44759153,-11.42574734,-77.74775911,-214.1524346,33.45244219,90,Major,56_sna,12.138986,-68.997639
2795461,DMadr22-6918,Madracis,-,DH0408_MMIR_SNA,mmir_sna_489,Snake Bay,SB248,-13.1663,36.5383,-19.6461,-41.03044867,11.63034192,-11.20840608,-78.9493452,-215.4793459,34.02160079,0,Major,62_sna,12.138986,-68.997639
2795550,DMadr22-6918,Madracis,-,DH0410_MMIR_SNA,mmir_sna_491,Snake Bay,SB250,-14.1673,25.5164,-18.5357,-38.0341455,11.56542587,-11.22416969,-73.99658577,-215.6452142,33.43440776,90,Major,56_sna,12.138986,-68.997639
2796058,DMadr22-6918,Madracis,-,DH0410_MMIR_SNA,mmir_sna_491,Snake Bay,,,,,,,,,,,90,Major,56_sna,12.138986,-68.997639
2795551,DMadr22-6918,Madracis,-,DH0411_MMIR_SNA,mmir_sna_492,Snake Bay,SB251,-15.8033,23.0725,-18.1798,-37.33782624,11.24967057,-10.99484104,-72.80418865,-216.1644775,33.70821823,96,Major,56_sna,12.138986,-68.997639
2796059,DMadr22-6918,Madracis,-,DH0411_MMIR_SNA,mmir_sna_492,Snake Bay,,,,,,,,,,,96,Major,56_sna,12.138986,-68.997639
2795552,DMadr22-6918,Madracis,-,DH0412_MMIR_SNA,mmir_sna_493,Snake Bay,SB252,-18.84966295,25.12319212,-18.76605233,-37.84200981,10.47903273,-10.59990471,-73.57043585,-217.4037814,34.52099145,96,Major,56_sna,12.138986,-68.997639
2796060,DMadr22-6918,Madracis,-,DH0412_MMIR_SNA,mmir_sna_493,Snake Bay,,,,,,,,,,,96,Major,56_sna,12.138986,-68.997639
2795553,DMadr22-6918,Madracis,-,DH0413_MMIR_SNA,mmir_sna_494,Snake Bay,SB253,-18.76247998,28.31806807,-17.61527778,-38.66035105,10.67132822,-10.23780095,-74.85356799,-217.0386212,35.2577771,90,Major,56_sna,12.138986,-68.997639
2796061,DMadr22-6918,Madracis,-,DH0413_MMIR_SNA,mmir_sna_494,Snake Bay,,,,,,,,,,,90,Major,56_sna,12.138986,-68.997639
2795554,DMadr22-6918,Madracis,-,DH0414_MMIR_SNA,mmir_sna_495,Snake Bay,SB254,-17.1474,35.1721,-19.8884,-40.59316871,10.69925604,-10.72638424,-78.14323438,-216.9960464,34.81373475,0,Major,86_sna,12.138986,-68.997639
2796062,DMadr22-6918,Madracis,-,DH0414_MMIR_SNA,mmir_sna_495,Snake Bay,,,,,,,,,,,0,Major,86_sna,12.138986,-68.997639
2795555,DMadr22-6918,Madracis,-,DH0415_MMIR_SNA,mmir_sna_496,Snake Bay,SB255,-16.8443,37.4695,-20.477,-41.2307999,10.68087524,-10.81647469,-79.21525001,-217.02201,34.78702405,177,Minor,87_sna,12.138986,-68.997639
2796063,DMadr22-6918,Madracis,-,DH0415_MMIR_SNA,mmir_sna_496,Snake Bay,,,,,,,,,,,177,Minor,87_sna,12.138986,-68.997639
2795556,DMadr22-6918,Madracis,-,DH0416_MMIR_SNA,mmir_sna_497,Snake Bay,SB256,-20.6594,37.8163,-20.4734,-41.24631106,9.824475745,-10.24044172,-79.13958321,-218.3981889,35.8138069,177,Minor,57_sna,12.138986,-68.997639
2796064,DMadr22-6918,Madracis,-,DH0416_MMIR_SNA,mmir_sna_497,Snake Bay,,,,,,,,,,,177,Minor,57_sna,12.138986,-68.997639
2795557,DMadr22-6918,Madracis,-,DH0417_MMIR_SNA,mmir_sna_498,Snake Bay,SB257,-22.7195,38.7705,-20.0397,-41.445841,9.426625849,-9.804787483,-79.3906666,-219.0199822,36.60482127,177,Minor,57_sna,12.138986,-68.997639
2796065,DMadr22-6918,Madracis,-,DH0417_MMIR_SNA,mmir_sna_498,Snake Bay,,,,,,,,,,,177,Minor,57_sna,12.138986,-68.997639
2795645,DMadr22-6918,Madracis,-,DH0418_MMIR_SNA,mmir_sna_499,Snake Bay,SB258,-23.3063,36.2234,-20.6993,-40.7749213,9.195463235,-9.959863653,-78.31245934,-219.4298745,36.24122363,0,Major,57_sna,12.138986,-68.997639
2795646,DMadr22-6918,Madracis,-,DH0419_MMIR_SNA,mmir_sna_500,Snake Bay,SB259,-28.2958,28.2878,-22.1577,-38.60222598,7.853804848,-9.844327216,-74.70910567,-221.6923945,36.13430405,102,Major,51_sna,12.138986,-68.997639
2796124,DMadr22-6918,Madracis,-,DH0419_MMIR_SNA,mmir_sna_500,Snake Bay,,,,,,,,,,,102,Major,51_sna,12.138986,-68.997639
2795647,DMadr22-6918,Madracis,-,DH0420_MMIR_SNA,mmir_sna_501,Snake Bay,SB260,-28.9507,30.5768,-22.4886,-39.21023313,7.658532941,-9.736197066,-75.69614853,-221.9966809,36.44438298,102,Major,51_sna,12.138986,-68.997639
2795648,DMadr22-6918,Madracis,-,DH0421_MMIR_SNA,mmir_sna_502,Snake Bay,SB261,-24.2615,41.8464,-22.1174,-42.3006318,8.772567378,-9.925218264,-80.8336081,-220.1014057,36.62262439,103,Major,58_sna,12.138986,-68.997639
2796126,DMadr22-6918,Madracis,-,DH0421_MMIR_SNA,mmir_sna_502,Snake Bay,,,,,,,,,,,103,Major,58_sna,12.138986,-68.997639
2795649,DMadr22-6918,Madracis,-,DH0422_MMIR_SNA,mmir_sna_503,Snake Bay,SB262,-30.9913,28.999,-22.9385,-38.76210917,7.132415295,-9.594254648,-74.93286228,-222.8682852,36.63848527,102,Major,51_sna,12.138986,-68.997639
2795650,DMadr22-6918,Madracis,-,DH0423_MMIR_SNA,mmir_sna_504,Snake Bay,SB263,36.0693,39.6876,-28.4159,-43.13813264,21.38844612,-20.2991804,-84.07003432,-199.9644467,18.57875826,0,Minor,72_sna,12.138986,-68.997639
2796128,DMadr22-6918,Madracis,-,DH0423_MMIR_SNA,mmir_sna_504,Snake Bay,,,,,,,,,,,0,Minor,72_sna,12.138986,-68.997639
2795740,DMadr22-6918,Madracis,-,DH0426_MMIR_SNA,mmir_sna_507,Snake Bay,SB266,25.026,41.6583,-26.6058,-43.38471941,19.17767535,-18.19541066,-84.09928962,-203.4621269,22.28738328,104,Major,72_sna,12.138986,-68.997639
2795743,DMadr22-6918,Madracis,-,DH0429_MMIR_SNA,mmir_sna_510,Snake Bay,SB269,22.5245,44.4003,-26.4105,-44.05991318,18.64604181,-17.68117557,-85.12353249,-204.2909024,23.30944861,104,Major,72_sna,12.138986,-68.997639
2795744,DMadr22-6918,Madracis,-,DH0430_MMIR_SNA,mmir_sna_511,Snake Bay,SB270,15.5326,37.7785,-22.0835,-42.01637013,17.71581532,-15.93451342,-81.4203494,-205.7319858,25.88709011,0,Major,68_sna,12.138986,-68.997639
2795745,DMadr22-6918,Madracis,-,DH0431_MMIR_SNA,mmir_sna_512,Snake Bay,SB271,6.68075,33.9168,-22.7995,-40.82974345,15.61881573,-14.93286318,-79.28697973,-209.1586651,27.49426533,90,Major,56_sna,12.138986,-68.997639
2795746,DMadr22-6918,Madracis,-,DH0432_MMIR_SNA,mmir_sna_513,Snake Bay,SB272,-4.06296,40.0351,-20.8073,-42.18352256,13.50440565,-12.67832841,-81.1181864,-212.462725,31.65322829,0,Minor,66_sna,12.138986,-68.997639
2795747,DMadr22-6918,Madracis,-,DH0433_MMIR_SNA,mmir_sna_514,Snake Bay,SB273,-7.24039,42.2547,-21.8099,-42.74317057,12.64246414,-12.35040992,-81.98975639,-213.8583477,32.37346368,106,Major,65_sna,12.138986,-68.997639
2795703,DMadr22-6918,Madracis,-,DH0434_MMIR_SNA,mmir_sna_515,Snake Bay,SB274,-11.2922,43.1885,-21.3184,-42.89528784,11.80574621,-11.60909126,-82.10849933,-215.1855541,33.69749237,106,Major,63_sna,12.138986,-68.997639
2795704,DMadr22-6918,Madracis,-,DH0435_MMIR_SNA,mmir_sna_516,Snake Bay,SB275,-15.1638,45.3845,-20.9688,-43.39231777,10.98900225,-10.87891232,-82.7997099,-216.4739497,35.06665881,107,Major,60_sna,12.138986,-68.997639
2795706,DMadr22-6918,Madracis,-,DH0437_MMIR_SNA,mmir_sna_518,Snake Bay,SB277,-18.6784,44.7156,-21.1588,-43.14889234,10.17083087,-10.42805465,-82.31912366,-217.8018001,35.83444893,107,Major,60_sna,12.138986,-68.997639
2795796,DMadr22-6918,Madracis,-,DH0438_MMIR_SNA,mmir_sna_519,Snake Bay,SB278,-17.38,47.4346,-21.3509,-43.90669229,10.43523915,-10.56094108,-83.59539377,-217.3587866,35.73592616,107,Major,60_sna,12.138986,-68.997639
2795797,DMadr22-6918,Madracis,-,DH0439_MMIR_SNA,mmir_sna_520,Snake Bay,,,,,,,,,,,108,Major,NA,12.138986,-68.997639
2795798,DMadr22-6918,Madracis,-,DH0440_MMIR_SNA,mmir_sna_521,Snake Bay,,,,,,,,,,,108,Major,NA,12.138986,-68.997639
2795799,DMadr22-6918,Madracis,-,DH0441_MMIR_SNA,mmir_sna_522,Snake Bay,,,,,,,,,,,11,Major,NA,12.138986,-68.997639
2795368,DMadr22-6918,Madracis,-,DH0442_MMIR_SNA,mmir_sna_523,Snake Bay,,,,,,,,,,,108,Major,NA,12.138986,-68.997639
2795369,DMadr22-6918,Madracis,-,DH0443_MMIR_SNA,mmir_sna_524,Snake Bay,SB283,-20.5747,46.4411,-20.8364,-43.56104202,9.793587986,-10.01258956,-82.92555308,-218.3869777,36.63057953,107,Major,60_sna,12.138986,-68.997639
2795370,DMadr22-6918,Madracis,-,DH0444_MMIR_SNA,mmir_sna_525,Snake Bay,SB284,-21.5238,43.3858,-20.7747,-42.72461972,9.588095016,-9.972717787,-81.53633352,-218.7411966,36.55559787,107,Major,60_sna,12.138986,-68.997639
2795371,DMadr22-6918,Madracis,-,DH0445_MMIR_SNA,mmir_sna_526,Snake Bay,SB285,-24.6505,45.9407,-21.7435,-43.37371269,8.7427376,-9.632274227,-82.55332689,-220.1065164,37.31204312,103,Major,59_sna,12.138986,-68.997639
2795372,DMadr22-6918,Madracis,-,DH0446_MMIR_SNA,mmir_sna_527,Snake Bay,SB286,-29.341,44.0404,-23.3338,-42.822,7.451,-9.365,,,,1,Major,NA,12.138986,-68.997639
2795373,DMadr22-6918,Madracis,-,DH0447_MMIR_SNA,mmir_sna_528,Snake Bay,,,,,,,,,,,1,Major,NA,12.138986,-68.997639
2795374,DMadr22-6918,Madracis,-,DH0448_MMIR_SNA,mmir_sna_529,Snake Bay,,,,,,,,,,,14,Major,NA,12.138986,-68.997639
2795375,DMadr22-6918,Madracis,-,DH0449_MMIR_SNA,mmir_sna_530,Snake Bay,,,,,,,,,,,9,Major,NA,12.138986,-68.997639
2794492,DMadr22-6918,Madracis,-,DH0450_MMIR_SNA,mmir_sna_531,Snake Bay,,,,,,,,,,,9,Major,NA,12.138986,-68.997639
2794493,DMadr22-6918,Madracis,-,DH0451_MMIR_SNA,mmir_sna_532,Snake Bay,,,,,,,,,,,20,Major,NA,12.138986,-68.997639
2794494,DMadr22-6918,Madracis,-,DH0452_MMIR_SNA,mmir_sna_533_1,Snake Bay,,,,,,,,,,,9,Major,NA,12.138986,-68.997639
2794495,DMadr22-6918,Madracis,-,DH0453_MMIR_SNA,mmir_sna_534_1,Snake Bay,,,,,,,,,,,109,Major,NA,12.138986,-68.997639
2794497,DMadr22-6918,Madracis,-,DH0454_MMIR_SNA,mmir_sna_535_1,Snake Bay,,,,,,,,,,,18,Major,NA,12.138986,-68.997639
2794499,DMadr22-6918,Madracis,-,DH0455_MMIR_SNA,mmir_sna_536,Snake Bay,,,,,,,,,,,10,Major,NA,12.138986,-68.997639
2795464,DMadr22-6918,Madracis,-,DH0456_MMIR_SNA,mmir_sna_537,Snake Bay,,,,,,,,,,,16,Major,NA,12.138986,-68.997639
2795465,DMadr22-6918,Madracis,-,DH0457_MMIR_SNA,mmir_sna_538,Snake Bay,,,,,,,,,,,16,Major,NA,12.138986,-68.997639
2795466,DMadr22-6918,Madracis,-,DH0458_MMIR_SNA,mmir_sna_539,Snake Bay,,,,,,,,,,,10,Major,NA,12.138986,-68.997639
2795467,DMadr22-6918,Madracis,-,DH0459_MMIR_SNA,mmir_sna_540,Snake Bay,,,,,,,,,,,10,Major,NA,12.138986,-68.997639
2795468,DMadr22-6918,Madracis,-,DH0460_MMIR_SNA,mmir_sna_541,Snake Bay,,,,,,,,,,,10,Major,NA,12.138986,-68.997639
2795469,DMadr22-6918,Madracis,-,DH0461_MMIR_SNA,mmir_sna_542,Snake Bay,,,,,,,,,,,10,Major,NA,12.138986,-68.997639
2795559,DMadr22-6918,Madracis,-,DH0462_MMIR_SEA,mmir_sea_001,Seaquarium,SA1,-25.6155,49.0106,-37.9564,10.34875211,-16.31271625,-18.80389419,-24.29480657,49.48255187,-17.91795358,110,Major,19_sea,12.084367,-68.898439
2796067,DMadr22-6918,Madracis,-,DH0462_MMIR_SEA,mmir_sea_001,Seaquarium,,,,,,,,-24.29480657,49.48255187,-17.91795358,110,Major,19_sea,12.084367,-68.898439
2795560,DMadr22-6918,Madracis,-,DH0463_MMIR_SEA,mmir_sea_002,Seaquarium,SA2,-26.2943,50.0149,-39.2438,9.902360088,-16.40349714,-19.11787596,-24.8412538,50.83922972,-18.61122705,110,Major,18_sea,12.084367,-68.898439
2796068,DMadr22-6918,Madracis,-,DH0463_MMIR_SEA,mmir_sea_002,Seaquarium,,,,,,,,-24.8412538,50.83922972,-18.61122705,110,Major,18_sea,12.084367,-68.898439
2795561,DMadr22-6918,Madracis,-,DH0464_MMIR_SEA,mmir_sea_003,Seaquarium,SA3,-23.616,49.2927,-38.0231,10.20894926,-15.81420294,-18.44120549,-22.49371299,49.75915258,-17.60216789,111,Major,17_sea,12.084367,-68.898439
2796069,DMadr22-6918,Madracis,-,DH0464_MMIR_SEA,mmir_sea_003,Seaquarium,,,,,,,,-22.49371299,49.75915258,-17.60216789,111,Major,17_sea,12.084367,-68.898439
2795562,DMadr22-6918,Madracis,-,DH0465_MMIR_SEA,mmir_sea_004,Seaquarium,SA4,-20.4961,49.9812,-37.6237,9.995497399,-15.13402904,-17.72938103,-19.75342733,50.17629089,-16.60057246,110,Major,17_sea,12.084367,-68.898439
2796070,DMadr22-6918,Madracis,-,DH0465_MMIR_SEA,mmir_sea_004,Seaquarium,,,,,,,,-19.75342733,50.17629089,-16.60057246,110,Major,17_sea,12.084367,-68.898439
2795563,DMadr22-6918,Madracis,-,DH0466_MMIR_SEA,mmir_sea_005,Seaquarium,SA5,-18.6189,49.8632,-37.4199,10.0085708,-14.66595228,-17.367267,-18.06503371,50.01221306,-16.25216536,111,Major,17_sea,12.084367,-68.898439
2796071,DMadr22-6918,Madracis,-,DH0466_MMIR_SEA,mmir_sea_005,Seaquarium,,,,,,,,-18.06503371,50.01221306,-16.25216536,111,Major,17_sea,12.084367,-68.898439
2795564,DMadr22-6918,Madracis,-,DH0467_MMIR_SEA,mmir_sea_006,Seaquarium,SA6,-16.0158,61.2167,-44.7997,5.736177982,-14.06939873,-17.43188586,-15.68481366,62.38193911,-17.04879692,112,Major,5_sea,12.084367,-68.898439
2796072,DMadr22-6918,Madracis,-,DH0467_MMIR_SEA,mmir_sea_006,Seaquarium,,,,,,,,-15.68481366,62.38193911,-17.04879692,112,Major,5_sea,12.084367,-68.898439
2795565,DMadr22-6918,Madracis,-,DH0468_MMIR_SEA,mmir_sea_007,Seaquarium,,,,,,,,,,,112,Major,NA,12.084367,-68.898439
2796073,DMadr22-6918,Madracis,-,DH0468_MMIR_SEA,mmir_sea_007,Seaquarium,,,,,,,,,,,112,Major,NA,12.084367,-68.898439
2795653,DMadr22-6918,Madracis,-,DH0469_MMIR_SEA,mmir_sea_008,Seaquarium,SA8,-14.1101,65.6217,-46.8064,4.179628385,-13.72988791,-17.09852416,-14.03993711,66.82364856,-16.55867527,112,Major,4_sea,12.084367,-68.898439
2795654,DMadr22-6918,Madracis,-,DH0470_MMIR_SEA,mmir_sea_009,Seaquarium,SA9,-10.1661,63.3803,-43.256,5.210788448,-12.99666076,-15.81493026,-10.68970576,63.53016477,-14.16436274,112,Major,4_sea,12.084367,-68.898439
2795748,DMadr22-6918,Madracis,-,DH0477_MMIR_SEA,mmir_sea_016,Seaquarium,SA16,-6.28575,65.3676,-44.1917,4.425136541,-12.05768093,-15.14606237,-7.205603067,65.5769386,-13.58984122,112,Major,4_sea,12.084367,-68.898439
2795749,DMadr22-6918,Madracis,-,DH0478_MMIR_SEA,mmir_sea_017,Seaquarium,SA17,-2.98346,64.782,-44.1688,4.5036184,-11.14776992,-14.62928137,-4.174504589,65.1260004,-13.4059467,113,Major,4_sea,12.084367,-68.898439
2795750,DMadr22-6918,Madracis,-,DH0479_MMIR_SEA,mmir_sea_018,Seaquarium,SA18,-0.977581,62.0197,-42.6927,5.4276335,-10.56403724,-14.2298023,-2.326764199,62.2792322,-13.13828524,113,Major,3_sea,12.084367,-68.898439
2795751,DMadr22-6918,Madracis,-,DH0480_MMIR_SEA,mmir_sea_019,Seaquarium,SA19,-1.95456,56.0834,-40.5892,7.396336888,-10.52319208,-14.54421251,-3.037020788,56.56623973,-14.08175891,196,Minor,6_sea,12.084367,-68.898439
2795752,DMadr22-6918,Madracis,-,DH0481_MMIR_SEA,mmir_sea_020,Seaquarium,SA20,-3.96724,51.2501,-37.0382,9.298296465,-11.0702474,-14.57731208,-4.913819769,51.11624373,-13.52735373,0,Major,8_sea,12.084367,-68.898439
2795755,DMadr22-6918,Madracis,-,DH0484_MMIR_SEA,mmir_sea_023,Seaquarium,SA23,2.34474,53.6703,-39.5802,8.096152617,-9.31385167,-13.81832457,0.916246291,54.22457192,-13.75441487,110,Major,10_sea,12.084367,-68.898439
2795377,DMadr22-6918,Madracis,-,DH0486_MMIR_SEA,mmir_sea_033,Seaquarium,SA33,14.0902,48.4026,-37.7735,9.504541854,-6.006154768,-11.91661873,11.72809763,49.30555151,-13.06225877,196,Minor,14_sea,12.084367,-68.898439
2795378,DMadr22-6918,Madracis,-,DH0487_MMIR_SEA,mmir_sea_034,Seaquarium,SA34,17.9166,48.6191,-37.6074,9.368890026,-5.062036459,-11.18804638,15.16538602,49.44756989,-12.35894615,196,Minor,14_sea,12.084367,-68.898439
2795379,DMadr22-6918,Madracis,-,DH0488_MMIR_SEA,mmir_sea_035,Seaquarium,SA35,18.1973,59.5148,-44.9781,5.284835693,-5.021535465,-11.70416339,15.46963664,61.41996955,-13.63221252,115,Major,1_sea,12.084367,-68.898439
2795380,DMadr22-6918,Madracis,-,DH0489_MMIR_SEA,mmir_sea_036,Seaquarium,SA36,16.9422,61.8257,-45.951,4.538836109,-5.438275859,-11.90279918,14.27960465,63.69364473,-13.59305497,115,Major,2_sea,12.084367,-68.898439
2795381,DMadr22-6918,Madracis,-,DH0490_MMIR_SEA,mmir_sea_037,Seaquarium,,,,,,,,,,,0,Major,NA,12.084367,-68.898439
2795382,DMadr22-6918,Madracis,-,DH0491_MMIR_SEA,mmir_sea_038,Seaquarium,,,,,,,,,,,0,Major,NA,12.084367,-68.898439
2795383,DMadr22-6918,Madracis,-,DH0492_MMIR_SEA,mmir_sea_039,Seaquarium,SA39,-24.3909,38.6557,-32.7339,13.93201174,-15.70805934,-18.47534063,-23.0428138,38.88167034,-17.95126301,118,Major,16_sea,12.084367,-68.898439
2794500,DMadr22-6918,Madracis,-,DH0493_MMIR_SEA,mmir_sea_040,Seaquarium,SA40,-23.4453,41.9806,-34.5109,12.73188273,-15.54141293,-18.37151874,-22.22030235,42.34162922,-17.85341784,118,Major,16_sea,12.084367,-68.898439
2794501,DMadr22-6918,Madracis,-,DH0494_MMIR_SEA,mmir_sea_041,Seaquarium,SA41,-20.8466,42.6334,-34.8663,12.43219416,-14.8835041,-17.93274558,-19.87019713,43.0476281,-17.53763467,119,Major,16_sea,12.084367,-68.898439
2794502,DMadr22-6918,Madracis,-,DH0495_MMIR_SEA,mmir_sea_042,Seaquarium,SA42,-21.241,39.9035,-31.0116,13.75579836,-15.26739656,-17.38499524,-20.45308477,39.1857229,-15.64824435,118,Major,16_sea,12.084367,-68.898439
2794503,DMadr22-6918,Madracis,-,DH0496_MMIR_SEA,mmir_sea_043,Seaquarium,SA43,-20.6081,36.6251,-31.1173,14.62815175,-14.7585462,-17.65430046,-19.64793752,36.58445575,-17.03941547,118,Major,16_sea,12.084367,-68.898439
2794504,DMadr22-6918,Madracis,-,DH0497_MMIR_SEA,mmir_sea_044,Seaquarium,SA44,-17.3938,36.3145,-29.7148,14.83361746,-14.09825121,-16.79686122,-16.86130168,35.76496209,-15.64351873,118,Major,16_sea,12.084367,-68.898439
2794505,DMadr22-6918,Madracis,-,DH0498_MMIR_SEA,mmir_sea_045,Seaquarium,SA45,-16.3915,39.5949,-29.6505,13.91192613,-14.17830224,-16.25256511,-16.17954656,38.4017526,-14.08020413,118,Major,16_sea,12.084367,-68.898439
2794506,DMadr22-6918,Madracis,-,DH0499_MMIR_SEA,mmir_sea_046,Seaquarium,SA46,-15.7997,41.5048,-31.4874,13.10263897,-13.95216337,-16.37746302,-15.57648649,40.73887024,-14.67267513,118,Major,16_sea,12.084367,-68.898439
2794507,DMadr22-6918,Madracis,-,DH0500_MMIR_SEA,mmir_sea_047,Seaquarium,SA47,-14.8697,44.0936,-33.7552,12.03461285,-13.64462854,-16.47200175,-14.66668457,43.81301903,-15.28161897,111,Major,16_sea,12.084367,-68.898439
2795471,DMadr22-6918,Madracis,-,DH0501_MMIR_SEA,mmir_sea_048,Seaquarium,SA48,-14.9166,46.6961,-34.5163,11.20736843,-13.80872862,-16.3787694,-14.80325613,46.24400108,-14.79820031,0,Minor,16_sea,12.084367,-68.898439
2795473,DMadr22-6918,Madracis,-,DH0503_MMIR_SEA,mmir_sea_050,Seaquarium,SA50,-11.0171,47.498,-35.4901,10.74264282,-12.7400237,-15.8437402,-11.21817236,47.34808429,-14.75282737,0,Major,16_sea,12.084367,-68.898439
2795474,DMadr22-6918,Madracis,-,DH0504_MMIR_SEA,mmir_sea_051,Seaquarium,SA51,-11.4506,45.1037,-33.633,11.68433645,-12.87938868,-15.73888923,-11.78121894,42.33859926,-14.3373155,111,Major,16_sea,12.084367,-68.898439
2795476,DMadr22-6918,Madracis,-,DH0506_MMIR_SEA,mmir_sea_053,Seaquarium,SA53,-12.726,41.2008,-29.5386,13.38937028,-13.40777907,-15.41459269,-12.97567762,39.68961333,-12.85330391,118,Major,16_sea,12.084367,-68.898439
2795478,DMadr22-6918,Madracis,-,DH0508_MMIR_SEA,mmir_sea_055,Seaquarium,SA55,-9.0387,37.6595,-31.2186,14.02551507,-11.8550148,-15.55306164,-9.216576927,37.57936377,-15.2365584,118,Major,16_sea,12.084367,-68.898439
2795566,DMadr22-6918,Madracis,-,DH0509_MMIR_SEA,mmir_sea_056,Seaquarium,SA56,-6.70873,40.697,-30.6632,13.20748197,-11.63806433,-14.68784813,-7.366756566,39.82266094,-13.21586434,118,Major,16_sea,12.084367,-68.898439
2795567,DMadr22-6918,Madracis,-,DH0510_MMIR_SEA,mmir_sea_057,Seaquarium,SA57,-6.86984,42.7475,-32.495,12.37984716,-11.62158488,-14.9273635,-7.456345387,42.26390857,-13.83898805,118,Major,16_sea,12.084367,-68.898439
2795568,DMadr22-6918,Madracis,-,DH0511_MMIR_SEA,mmir_sea_058,Seaquarium,SA58,-7.24394,45.1038,-32.9342,11.67585974,-11.8920346,-14.84156953,-7.907180872,44.35472349,-13.24229699,0,Major,16_sea,12.084367,-68.898439
2795569,DMadr22-6918,Madracis,-,DH0512_MMIR_SEA,mmir_sea_059,Seaquarium,SA59,-2.56484,47.7224,-35.742,10.42306368,-10.53964858,-14.40814717,-3.542807848,47.72112971,-13.80296923,119,Major,15_sea,12.084367,-68.898439
2795570,DMadr22-6918,Madracis,-,DH0513_MMIR_SEA,mmir_sea_060,Seaquarium,SA60,-4.15246,41.4753,-32.8257,12.61161174,-10.74285406,-14.67022102,-4.87201884,41.40288054,-14.30209639,122,Hybrid,16_sea,12.084367,-68.898439
2795571,DMadr22-6918,Madracis,-,DH0514_MMIR_SEA,mmir_sea_061,Seaquarium,SA61,-3.51478,39.6508,-30.5801,13.42459386,-10.71852851,-14.22548383,-4.409349766,38.97219614,-13.19188457,122,Hybrid,16_sea,12.084367,-68.898439
2795572,DMadr22-6918,Madracis,-,DH0515_MMIR_SEA,mmir_sea_062,Seaquarium,SA62,2.679666034,35.24277593,-26.37334787,15.0899126,-9.27988067,-12.62929613,1.057266017,33.66705843,-10.90521996,198,Minor,22_sea,12.084367,-68.898439
2795573,DMadr22-6918,Madracis,-,DH0516_MMIR_SEA,mmir_sea_063,Seaquarium,SA63,-2.2456,32.9895,-28.4351,15.54055604,-10.02965111,-14.21757865,-3.038723224,32.67705204,-14.12754391,198,Minor,16_sea,12.084367,-68.898439
2795661,DMadr22-6918,Madracis,-,DH0517_MMIR_SEA,mmir_sea_064,Seaquarium,SA64,1.00864,32.6642,-26.9123,15.76651827,-9.374913324,-13.32633046,-0.22763687,31.79459399,-12.63635371,198,Minor,16_sea,12.084367,-68.898439
2795664,DMadr22-6918,Madracis,-,DH0520_MMIR_SEA,mmir_sea_067,Seaquarium,SA67,0.638751,41.9831,-31.9191,12.47801404,-9.685362156,-13.56714517,-0.657967999,41.4733708,-12.76093954,123,Major,16_sea,12.084367,-68.898439
2795665,DMadr22-6918,Madracis,-,DH0521_MMIR_SEA,mmir_sea_068,Seaquarium,SA68,1.51188,43.6481,-33.6237,11.74814954,-9.380904316,-13.63827736,0.202594092,43.55851197,-13.31558793,123,Major,16_sea,12.084367,-68.898439
2795666,DMadr22-6918,Madracis,-,DH0522_MMIR_SEA,mmir_sea_069,Seaquarium,SA69,2.715,41.0573,-32.4161,12.60682797,-8.983334129,-13.42344897,1.339410768,40.95743135,-13.29125051,123,Major,16_sea,12.084367,-68.898439
2795668,DMadr22-6918,Madracis,-,DH0524_MMIR_SEA,mmir_sea_071,Seaquarium,SA71,2.21833,36.0602,-29.1398,14.47438726,-9.082058856,-13.27539458,0.877301103,35.50742693,-12.83684486,119,Major,16_sea,12.084367,-68.898439
2795756,DMadr22-6918,Madracis,-,DH0525_MMIR_SEA,mmir_sea_072,Seaquarium,SA72,6.2741,34.2065,-30.0799,14.74295902,-7.710596837,-12.99231634,4.778782868,34.44983204,-13.86721057,198,Minor,21_sea,12.084367,-68.898439
2796074,DMadr22-6918,Madracis,-,DH0525_MMIR_SEA,mmir_sea_072,Seaquarium,,,,,,,,,,,198,Minor,21_sea,12.084367,-68.898439
2795757,DMadr22-6918,Madracis,-,DH0526_MMIR_SEA,mmir_sea_073,Seaquarium,SA73,6.89949,37.3168,-31.0518,13.72742469,-7.721434642,-12.77703602,5.240033895,37.38854586,-13.25421617,198,Minor,16_sea,12.084367,-68.898439
2796075,DMadr22-6918,Madracis,-,DH0526_MMIR_SEA,mmir_sea_073,Seaquarium,,,,,,,,,,,198,Minor,16_sea,12.084367,-68.898439
2795758,DMadr22-6918,Madracis,-,DH0527_MMIR_SEA,mmir_sea_074,Seaquarium,SA74,7.56048,40.1635,-32.4044,12.72832971,-7.641575741,-12.67408538,5.79160929,40.27718371,-13.05358985,0,Major,16_sea,12.084367,-68.898439
2796076,DMadr22-6918,Madracis,-,DH0527_MMIR_SEA,mmir_sea_074,Seaquarium,,,,,,,,,,,0,Major,16_sea,12.084367,-68.898439
2796077,DMadr22-6918,Madracis,-,DH0528_MMIR_SEA,mmir_sea_075,Seaquarium,SA75,9.64455,44.3797,-34.3657,11.22579021,-7.243479377,-12.31935951,7.606078232,44.54846751,-12.58452891,196,Minor,14_sea,12.084367,-68.898439
2795760,DMadr22-6918,Madracis,-,DH0529_MMIR_SEA,mmir_sea_076,Seaquarium,SA76,11.3152,45.9356,-36.3514,10.46429941,-6.681142442,-12.32997179,9.226876117,46.67348397,-13.31105381,196,Minor,14_sea,12.084367,-68.898439
2796078,DMadr22-6918,Madracis,-,DH0529_MMIR_SEA,mmir_sea_076,Seaquarium,,,,,,,,,,,196,Minor,14_sea,12.084367,-68.898439
2796079,DMadr22-6918,Madracis,-,DH0530_MMIR_SEA,mmir_sea_077,Seaquarium,SA77,13.4703,46.2756,-36.5792,10.281,-6.1249,-11.972,,,,196,Minor,NA,12.084367,-68.898439
2795762,DMadr22-6918,Madracis,-,DH0531_MMIR_SEA,mmir_sea_078,Seaquarium,SA78,12.2778,44.9717,-35.5046,10.8281,-6.4574,-12.0664,,,,196,Minor,NA,12.084367,-68.898439
2796080,DMadr22-6918,Madracis,-,DH0531_MMIR_SEA,mmir_sea_078,Seaquarium,,,,,,,,,,,196,Minor,NA,12.084367,-68.898439
2795384,DMadr22-6918,Madracis,-,DH0534_MMIR_SEA,mmir_sea_088,Seaquarium,SA88,-39.3946,29.0053,-27.9437,17.682563,-19.31010406,-20.99696591,-36.50662604,28.87507115,-20.06329067,118,Major,33_sea,12.084367,-68.898439
2795385,DMadr22-6918,Madracis,-,DH0535_MMIR_SEA,mmir_sea_089,Seaquarium,SA89,-29.924,25.2626,-27.1046,18.58916718,-16.60464873,-19.55507461,-27.75723302,25.58143978,-19.78740437,0,Major,32_sea,12.084367,-68.898439
2795386,DMadr22-6918,Madracis,-,DH0536_MMIR_SEA,mmir_sea_090,Seaquarium,SA90,-30.0469,28.2545,-26.2217,17.89547089,-17.06494702,-19.04420538,-28.16309881,27.6234408,-17.83002063,86,Major,32_sea,12.084367,-68.898439
2795387,DMadr22-6918,Madracis,-,DH0537_MMIR_SEA,mmir_sea_091,Seaquarium,SA91,-27.9344,27.4527,-27.2612,17.91027781,-16.2876923,-19.00908089,-26.08367746,27.44028199,-18.73861363,126,Major,32_sea,12.084367,-68.898439
2795388,DMadr22-6918,Madracis,-,DH0538_MMIR_SEA,mmir_sea_092,Seaquarium,SA92,-27.9171,25.7101,-26.4715,18.50527003,-16.2218986,-19.00773161,-26.0347034,25.69256926,-18.83937599,126,Major,32_sea,12.084367,-68.898439
2795389,DMadr22-6918,Madracis,-,DH0539_MMIR_SEA,mmir_sea_093,Seaquarium,SA93,-27.8195,17.0998,-24.1307,21.21792247,-15.66827544,-19.36812803,-25.61626768,17.72500272,-20.58817507,86,Major,36_sea,12.084367,-68.898439
2795390,DMadr22-6918,Madracis,-,DH0540_MMIR_SEA,mmir_sea_094,Seaquarium,SA94,-26.2964,7.2697,-16.8718,24.94462643,-15.33321157,-18.44933433,-24.34468619,6.680537654,-18.72865488,127,Major,41_sea,12.084367,-68.898439
2795391,DMadr22-6918,Madracis,-,DH0541_MMIR_SEA,mmir_sea_095,Seaquarium,SA95,-24.1712,6.7379,-15.0348,25.30274811,-14.99514075,-17.70259284,-22.57674751,5.485389475,-17.21387609,128,Major,42_sea,12.084367,-68.898439
2794508,DMadr22-6918,Madracis,-,DH0542_MMIR_SEA,mmir_sea_096,Seaquarium,SA96,-24.7264,8.42141,-18.2546,24.38489052,-14.84329006,-18.37859215,-22.85191358,8.219577253,-19.15491092,127,Major,40_sea,12.084367,-68.898439
2794509,DMadr22-6918,Madracis,-,DH0543_MMIR_SEA,mmir_sea_097,Seaquarium,SA97,-22.7805,19.4442,-22.046,20.74250549,-14.90156394,-17.74477443,-21.42570457,18.78005224,-17.29470551,0,Minor,35_sea,12.084367,-68.898439
2794510,DMadr22-6918,Madracis,-,DH0544_MMIR_SEA,mmir_sea_098,Seaquarium,SA98,-24.2123,31.0888,-29.0174,16.55471579,-15.43708506,-18.38351575,-22.76678784,31.17064983,-18.14530951,126,Major,31_sea,12.084367,-68.898439
2794511,DMadr22-6918,Madracis,-,DH0545_MMIR_SEA,mmir_sea_099,Seaquarium,SA99,-22.6464,29.2925,-27.4413,17.23832538,-15.07880701,-17.93251562,-21.39342912,29.0583934,-17.44419602,126,Major,30_sea,12.084367,-68.898439
2794512,DMadr22-6918,Madracis,-,DH0546_MMIR_SEA,mmir_sea_100,Seaquarium,SA100,-15.6455,21.9378,-22.0795,19.86321866,-13.3018116,-16.24143241,-15.12019601,20.88276797,-15.37536581,86,Major,34_sea,12.084367,-68.898439
2794513,DMadr22-6918,Madracis,-,DH0547_MMIR_SEA,mmir_sea_101,Seaquarium,SA101,-19.9589,8.62838,-15.7554,24.566386,-13.99160009,-16.93556002,-18.80796114,7.365086272,-16.46619241,0,Major,39_sea,12.084367,-68.898439
2794514,DMadr22-6918,Madracis,-,DH0548_MMIR_SEA,mmir_sea_102,Seaquarium,SA102,-16.0893,8.78188,-16.3338,24.33876289,-12.92247786,-16.38233553,-15.24836618,7.775058097,-16.38137801,127,Major,38_sea,12.084367,-68.898439
2794515,DMadr22-6918,Madracis,-,DH0549_MMIR_SEA,mmir_sea_103,Seaquarium,SA103,-12.3493,8.8951,-15.2978,24.36030455,-12.1159138,-15.47425709,-11.97468204,7.460500793,-15.03464166,127,Major,37_sea,12.084367,-68.898439
2795479,DMadr22-6918,Madracis,-,DH0550_MMIR_SEA,mmir_sea_104,Seaquarium,SA104,-6.31856,-0.170005,-12.1389,27.16214053,-10.09975283,-14.6578558,-6.232796961,-1.166308345,-15.57728366,130,Major,57_sea,12.084367,-68.898439
2795480,DMadr22-6918,Madracis,-,DH0551_MMIR_SEA,mmir_sea_105,Seaquarium,SA105,-2.89711,-1.57772,-11.4857,27.55588594,-9.167298808,-14.06017337,-3.105267764,-2.550937208,-15.2202723,130,Major,59_sea,12.084367,-68.898439
2795481,DMadr22-6918,Madracis,-,DH0552_MMIR_SEA,mmir_sea_106,Seaquarium,SA106,-9.41146,31.7954,-27.9351,16.13002205,-11.83548967,-15.47547853,-9.508895172,31.42596345,-15.1272939,198,Minor,29_sea,12.084367,-68.898439
2795482,DMadr22-6918,Madracis,-,DH0553_MMIR_SEA,mmir_sea_107,Seaquarium,SA107,-7.29723,29.9975,-25.6684,16.90011518,-11.43490603,-14.76592016,-7.711448597,29.02239866,-13.80424343,198,Minor,28_sea,12.084367,-68.898439
2795485,DMadr22-6918,Madracis,-,DH0556_MMIR_SEA,mmir_sea_110,Seaquarium,SA110,-0.956043,30.2171,-26.6066,16.53731623,-9.6810922,-13.86051586,-1.877149476,29.66425798,-13.67102675,198,Minor,26_sea,12.084367,-68.898439
2795486,DMadr22-6918,Madracis,-,DH0557_MMIR_SEA,mmir_sea_111,Seaquarium,SA111,10.5871,31.3611,-25.7442,16.04521648,-6.934517945,-11.52410751,8.420906119,30.33531182,-11.05200474,0,Minor,23_sea,12.084367,-68.898439
2795574,DMadr22-6918,Madracis,-,DH0558_MMIR_SEA,mmir_sea_112,Seaquarium,SA112,20.442,27.6854,-22.3139,17.2999387,-4.510498193,-9.395345274,17.23961525,25.99116492,-8.620946127,0,Major,24_sea,12.084367,-68.898439
2795575,DMadr22-6918,Madracis,-,DH0559_MMIR_SEA,mmir_sea_113,Seaquarium,,,,,,,,,,,132,Major,NA,12.084367,-68.898439
2795576,DMadr22-6918,Madracis,-,DH0560_MMIR_SEA,mmir_sea_114,Seaquarium,SA114,-42.5745,-6.22514,-12.8974,29.67032723,-18.76034559,-21.80129961,-38.61945373,-6.100448593,-23.27929637,132,Major,54_sea,12.084367,-68.898439
2795577,DMadr22-6918,Madracis,-,DH0561_MMIR_SEA,mmir_sea_115,Seaquarium,SA115,-34.4482,-8.0701,-11.021,30.2394227,-16.74336449,-20.14287802,-31.32628967,-8.315580132,-21.53733471,132,Major,53_sea,12.084367,-68.898439
2795578,DMadr22-6918,Madracis,-,DH0562_MMIR_SEA,mmir_sea_116,Seaquarium,SA116,-33.3377,-5.73418,-11.5589,29.48788029,-16.61345019,-19.8242708,-30.41919749,-6.184328929,-20.84276272,132,Major,51_sea,12.084367,-68.898439
2795579,DMadr22-6918,Madracis,-,DH0563_MMIR_SEA,mmir_sea_117,Seaquarium,SA117,-32.3893,-4.89082,-13.2793,28.9803809,-16.20456857,-19.97487335,-29.43355279,-4.756522201,-21.74791702,132,Major,52_sea,12.084367,-68.898439
2795580,DMadr22-6918,Madracis,-,DH0564_MMIR_SEA,mmir_sea_118,Seaquarium,SA118,-29.1428,-6.67687,-10.941,29.72799865,-15.52259846,-19.05005973,-26.61785226,-7.169916306,-20.22080639,132,Major,50_sea,12.084367,-68.898439
2795581,DMadr22-6918,Madracis,-,DH0565_MMIR_SEA,mmir_sea_119,Seaquarium,SA119,-26.3098,-5.35724,-11.0844,29.26906804,-14.90177853,-18.44828482,-24.12254097,-6.012719329,-19.42382452,132,Major,49_sea,12.084367,-68.898439
2795670,DMadr22-6918,Madracis,-,DH0567_MMIR_SEA,mmir_sea_121,Seaquarium,SA121,-24.6819,-9.68037,-9.97021,30.58088188,-14.20653205,-18.36891724,-22.47437606,-9.971366017,-20.15342225,133,Major,61_sea,12.084367,-68.898439
2795673,DMadr22-6918,Madracis,-,DH0570_MMIR_SEA,mmir_sea_124,Seaquarium,SA124,-21.7711,-13.029,-8.52829,31.63798616,-13.3247689,-17.88343462,-19.76315188,-13.26898559,-20.04780177,128,Major,55_sea,12.084367,-68.898439
2795674,DMadr22-6918,Madracis,-,DH0571_MMIR_SEA,mmir_sea_125,Seaquarium,SA125,-22.399,-9.48714,-10.6973,30.36218698,-13.53041619,-18.12268295,-20.34036251,-9.481348994,-20.36954935,201,Minor,60_sea,12.084367,-68.898439
2795675,DMadr22-6918,Madracis,-,DH0572_MMIR_SEA,mmir_sea_126,Seaquarium,SA126,-23.346,-7.47826,-10.2459,29.89846669,-14.04270108,-17.96354638,-21.38171972,-8.058331926,-19.27685292,132,Major,49_sea,12.084367,-68.898439
2795676,DMadr22-6918,Madracis,-,DH0573_MMIR_SEA,mmir_sea_127,Seaquarium,SA127,-24.065,-5.5882,-11.3585,29.23421807,-14.25824052,-18.14742288,-22.04260693,-6.060110306,-19.46057767,133,Major,49_sea,12.084367,-68.898439
2795764,DMadr22-6918,Madracis,-,DH0574_MMIR_SEA,mmir_sea_128,Seaquarium,SA128,-20.852,-4.45048,-10.8506,28.91019547,-13.61484555,-17.34517119,-19.25956388,-5.324975727,-18.17044325,133,Major,49_sea,12.084367,-68.898439
2796082,DMadr22-6918,Madracis,-,DH0574_MMIR_SEA,mmir_sea_128,Seaquarium,,,,,,,,,,,133,Major,49_sea,12.084367,-68.898439
2795765,DMadr22-6918,Madracis,-,DH0575_MMIR_SEA,mmir_sea_129,Seaquarium,SA129,-20.9594,-6.17366,-10.3509,29.46093903,-13.54139588,-17.43200037,-19.29422375,-6.934145269,-18.51124706,133,Major,49_sea,12.084367,-68.898439
2796083,DMadr22-6918,Madracis,-,DH0575_MMIR_SEA,mmir_sea_129,Seaquarium,,,,,,,,,,,133,Major,49_sea,12.084367,-68.898439
2795766,DMadr22-6918,Madracis,-,DH0576_MMIR_SEA,mmir_sea_130,Seaquarium,SA130,-20.5504,-8.2064,-10.546,29.98256696,-13.202894,-17.62673362,-18.7662381,-8.491443973,-19.47569701,201,Minor,49_sea,12.084367,-68.898439
2796084,DMadr22-6918,Madracis,-,DH0576_MMIR_SEA,mmir_sea_130,Seaquarium,,,,,,,,,,,201,Minor,49_sea,12.084367,-68.898439
2795767,DMadr22-6918,Madracis,-,DH0577_MMIR_SEA,mmir_sea_131,Seaquarium,SA131,-19.1513,-13.5874,-6.65975,31.9950932,-12.86062323,-17.04603821,-17.54831257,-14.49425237,-18.45710306,134,Major,44_sea,12.084367,-68.898439
2796085,DMadr22-6918,Madracis,-,DH0577_MMIR_SEA,mmir_sea_131,Seaquarium,,,,,,,,,,,134,Major,44_sea,12.084367,-68.898439
2795768,DMadr22-6918,Madracis,-,DH0578_MMIR_SEA,mmir_sea_132,Seaquarium,SA132,-16.8626,-14.9821,-5.82858,32.44074492,-12.24821407,-16.6019896,-15.46759302,-15.95570483,-18.09348559,134,Major,44_sea,12.084367,-68.898439
2796086,DMadr22-6918,Madracis,-,DH0578_MMIR_SEA,mmir_sea_132,Seaquarium,,,,,,,,,,,134,Major,44_sea,12.084367,-68.898439
2795769,DMadr22-6918,Madracis,-,DH0579_MMIR_SEA,mmir_sea_133,Seaquarium,SA133,-16.6766,-12.2595,-6.55488,31.57934065,-12.36917167,-16.44701288,-15.40474334,-13.44012376,-17.50226315,134,Major,44_sea,12.084367,-68.898439
2796087,DMadr22-6918,Madracis,-,DH0579_MMIR_SEA,mmir_sea_133,Seaquarium,,,,,,,,,,,134,Major,44_sea,12.084367,-68.898439
2795770,DMadr22-6918,Madracis,-,DH0580_MMIR_SEA,mmir_sea_134,Seaquarium,SA134,-17.8035,-10.7894,-8.12403,30.97523403,-12.58206369,-16.85524052,-16.35889509,-11.59044146,-18.28075586,134,Major,44_sea,12.084367,-68.898439
2796088,DMadr22-6918,Madracis,-,DH0580_MMIR_SEA,mmir_sea_134,Seaquarium,,,,,,,,,,,134,Major,44_sea,12.084367,-68.898439
2795771,DMadr22-6918,Madracis,-,DH0581_MMIR_SEA,mmir_sea_135,Seaquarium,SA135,-17.3345,-7.45573,-10.0571,29.76246554,-12.51706219,-16.87031684,-15.95256799,-8.061338186,-18.36401908,201,Minor,47_sea,12.084367,-68.898439
2796089,DMadr22-6918,Madracis,-,DH0581_MMIR_SEA,mmir_sea_135,Seaquarium,,,,,,,,,,,201,Minor,47_sea,12.084367,-68.898439
2795606,DMadr22-6918,Madracis,-,DH0582_MMIR_SEA,mmir_sea_136,Seaquarium,SA136,-17.504,-3.53713,-11.799,28.43284545,-12.70369355,-16.88806039,-16.18470357,-4.14703945,-18.12656682,128,Major,49_sea,12.084367,-68.898439
2795607,DMadr22-6918,Madracis,-,DH0583_MMIR_SEA,mmir_sea_137,Seaquarium,SA137,-11.5435,-0.63577,-12.8951,27.31734971,-11.29539348,-15.7963008,-10.85887572,-1.271423106,-17.03426265,130,Major,58_sea,12.084367,-68.898439
2795608,DMadr22-6918,Madracis,-,DH0584_MMIR_SEA,mmir_sea_138,Seaquarium,SA138,-13.9015,-3.81676,-9.86157,28.69737144,-12.02332007,-15.83321987,-13.10485853,-5.166476083,-16.23988184,128,Major,45_sea,12.084367,-68.898439
2795609,DMadr22-6918,Madracis,-,DH0585_MMIR_SEA,mmir_sea_139,Seaquarium,SA139,-13.6759,-6.47482,-9.28129,29.50898341,-11.78129398,-15.94412012,-12.78336376,-7.563289234,-16.8694948,128,Major,46_sea,12.084367,-68.898439
2795610,DMadr22-6918,Madracis,-,DH0586_MMIR_SEA,mmir_sea_140,Seaquarium,SA140,-13.9186,-9.36912,-7.37854,30.59023572,-11.82758219,-15.84932869,-13.01078558,-10.7216591,-16.59656484,128,Major,62_sea,12.084367,-68.898439
2795611,DMadr22-6918,Madracis,-,DH0587_MMIR_SEA,mmir_sea_141,Seaquarium,SA141,-13.8198,-11.5105,-6.10116,31.36397842,-11.77099115,-15.76158794,-12.9128313,-12.99987526,-16.46442616,133,Major,44_sea,12.084367,-68.898439
2795392,DMadr22-6918,Madracis,-,DH0590_MMIR_SEA,mmir_sea_144,Seaquarium,SA144,-7.89468,-1.97491,-10.3004,27.9684446,-10.5913287,-14.69252348,-7.735565979,-3.428900565,-15.06226278,128,Major,43_sea,12.084367,-68.898439
2795393,DMadr22-6918,Madracis,-,DH0591_MMIR_SEA,mmir_sea_145,Seaquarium,SA145,-4.3428,-2.40981,-10.1756,28.01364324,-9.646724151,-14.09191792,-4.499079311,-3.799020004,-14.70171376,128,Major,43_sea,12.084367,-68.898439
2795394,DMadr22-6918,Madracis,-,DH0592_MMIR_SEA,mmir_sea_146,Seaquarium,SA146,-4.31348,-3.91127,-8.64371,28.64969088,-9.709239281,-13.88689749,-4.534057656,-5.669007111,-14.10363869,130,Major,43_sea,12.084367,-68.898439
2795395,DMadr22-6918,Madracis,-,DH0593_MMIR_SEA,mmir_sea_147,Seaquarium,SA147,1.06041,-5.92056,-6.85933,29.32272625,-8.374481848,-12.74698942,0.284259392,-8.004999076,-12.84918869,130,Major,43_sea,12.084367,-68.898439
2795396,DMadr22-6918,Madracis,-,DH0594_MMIR_SEA,mmir_sea_148,Seaquarium,SA148,1.05584,-3.21904,-7.96293,28.41727745,-8.488144798,-12.716677,0.215721853,-5.346950568,-12.59339871,130,Major,43_sea,12.084367,-68.898439
2795397,DMadr22-6918,Madracis,-,DH0595_MMIR_SEA,mmir_sea_149,Seaquarium,SA149,3.53117,-5.03987,-7.25485,28.957694,-7.766807812,-12.31532952,2.507313655,-7.098703825,-12.48528138,128,Major,43_sea,12.084367,-68.898439
2795398,DMadr22-6918,Madracis,-,DH0596_MMIR_KAL,mmir_kal_001,Playa Kalki,K1,31.64331466,15.69799163,-17.14446992,24.27205649,-18.43469901,-18.61218462,-18.95965137,36.02679956,-18.94458379,135,Major,51_kal,12.375406,-69.159081
2795399,DMadr22-6918,Madracis,-,DH0597_MMIR_KAL,mmir_kal_002,Playa Kalki,K2,25.73802059,15.56953531,-16.87653394,23.92171524,-16.4317333,-17.71361758,-15.95032889,36.57628057,-18.02056344,136,Major,48_kal,12.375406,-69.159081
2794516,DMadr22-6918,Madracis,-,DH0598_MMIR_KAL,mmir_kal_003,Playa Kalki,K3,23.51970419,17.34307451,-15.70068343,24.43563176,-15.76727125,-16.91983973,-14.86111502,35.87355627,-16.98144528,136,Major,49_kal,12.375406,-69.159081
2794517,DMadr22-6918,Madracis,-,DH0599_MMIR_KAL,mmir_kal_004,Playa Kalki,K4,18.14821734,16.01243033,-15.3904138,23.66408364,-13.99781622,-16.13481381,-12.20848233,37.02252146,-16.19632685,137,Major,47_kal,12.375406,-69.159081
2794518,DMadr22-6918,Madracis,-,DH0600_MMIR_KAL,mmir_kal_005,Playa Kalki,K5,15.90640896,17.72168799,-14.8160593,24.17045223,-13.24217769,-15.54944769,-11.02494086,36.32247112,-15.47048402,137,Major,46_kal,12.375406,-69.159081
2794519,DMadr22-6918,Madracis,-,DH0601_MMIR_KAL,mmir_kal_006,Playa Kalki,K6,13.66007672,15.76870906,-13.12187488,23.28344506,-12.77358834,-14.74207966,-10.22613082,37.63236236,-14.43489642,137,Major,45_kal,12.375406,-69.159081
2794520,DMadr22-6918,Madracis,-,DH0602_MMIR_KAL,mmir_kal_007,Playa Kalki,K7,6.792894283,-4.022335175,-9.771654048,15.49052328,-11.5714108,-13.53942001,-8.377612028,48.88475071,-13.23996698,138,Major,2_kal,12.375406,-69.159081
2794521,DMadr22-6918,Madracis,-,DH0603_MMIR_KAL,mmir_kal_008,Playa Kalki,K8,4.926175183,-4.772929845,-7.638784446,15.05639848,-11.25392996,-12.57711496,-7.763637506,49.54960677,-11.93913478,138,Major,1_kal,12.375406,-69.159081
2794522,DMadr22-6918,Madracis,-,DH0604_MMIR_KAL,mmir_kal_009,Playa Kalki,K9,0.203697288,-4.403770617,-11.09697082,15.05842462,-9.114524885,-13.1112466,-4.801870441,49.53438733,-13.0682178,0,Major,3_kal,12.375406,-69.159081
2794523,DMadr22-6918,Madracis,-,DH0605_MMIR_KAL,mmir_kal_010,Playa Kalki,K10,-12.10475572,12.9030739,-10.80888974,20.86521184,-4.278589065,-10.52991952,2.597027555,41.31903222,-9.981273627,0,Major,24_kal,12.375406,-69.159081
2795487,DMadr22-6918,Madracis,-,DH0606_MMIR_KAL,mmir_kal_011,Playa Kalki,K11,-19.04184596,7.540293993,-7.959021102,18.4436087,-2.469934369,-8.832637,5.446451956,44.87666306,-7.968032918,141,Major,22_kal,12.375406,-69.159081
2795488,DMadr22-6918,Madracis,-,DH0607_MMIR_KAL,mmir_kal_012,Playa Kalki,K12,-18.68737814,9.237154097,-9.721544361,19.14300324,-2.282587581,-9.415442025,5.62050769,43.84856807,-8.803398951,141,Major,22_kal,12.375406,-69.159081
2795490,DMadr22-6918,Madracis,-,DH0609_MMIR_KAL,mmir_kal_014,Playa Kalki,K14,-20.84505906,12.73111445,-10.99937733,20.37051373,-1.23012868,-9.402834265,7.136270031,42.09008445,-8.916499722,0,Major,23_kal,12.375406,-69.159081
2795491,DMadr22-6918,Madracis,-,DH0610_MMIR_KAL,mmir_kal_015,Playa Kalki,K15,-9.638565613,24.53410571,-10.32181703,25.29520597,-4.789768163,-10.16886425,1.971081692,34.96626899,-9.199686319,143,Major,42_kal,12.375406,-69.159081
2795492,DMadr22-6918,Madracis,-,DH0611_MMIR_KAL,mmir_kal_016,Playa Kalki,K16,-13.90650682,24.73532354,-8.884109282,25.11504098,-3.508201169,-9.074357124,3.986030947,35.27603148,-7.865461064,144,Major,41_kal,12.375406,-69.159081
2795582,DMadr22-6918,Madracis,-,DH0614_MMIR_KAL,mmir_kal_019,Playa Kalki,K19,-29.04987323,9.129147741,-11.66313487,18.64204155,1.578425634,-8.670120447,11.25390533,44.61657671,-8.422957613,145,Major,4_kal,12.375406,-69.159081
2795583,DMadr22-6918,Madracis,-,DH0615_MMIR_KAL,mmir_kal_020,Playa Kalki,K20,-30.16552133,4.738945891,-10.62741953,16.92519481,1.662390595,-8.357852146,11.41110519,47.09670254,-8.061164793,146,Major,5_kal,12.375406,-69.159081
2795584,DMadr22-6918,Madracis,-,DH0616_MMIR_KAL,mmir_kal_021,Playa Kalki,K21,-33.07144952,4.282934931,-8.743815221,16.5558833,2.38563611,-7.32578855,12.61674603,47.67314214,-6.727836023,146,Major,5_kal,12.375406,-69.159081
2795585,DMadr22-6918,Madracis,-,DH0617_MMIR_KAL,mmir_kal_022,Playa Kalki,K22,-30.67800585,10.2131907,-12.78808618,18.99623136,2.340370751,-8.787241871,12.32459312,44.10628035,-8.70651656,145,Major,4_kal,12.375406,-69.159081
2795586,DMadr22-6918,Madracis,-,DH0618_MMIR_KAL,mmir_kal_023,Playa Kalki,K23,-31.96367795,11.21998655,-13.37698372,19.32321884,2.904919661,-8.768949478,13.13651837,43.63975354,-8.764112871,0,Major,4_kal,12.375406,-69.159081
2795587,DMadr22-6918,Madracis,-,DH0619_MMIR_KAL,mmir_kal_024,Playa Kalki,K24,-34.32485495,9.675458584,-12.75868581,18.61353472,3.580369347,-8.300463385,14.17413233,44.68183348,-8.240324406,145,Major,4_kal,12.375406,-69.159081
2795588,DMadr22-6918,Madracis,-,DH0620_MMIR_KAL,mmir_kal_025,Playa Kalki,K25,-34.35572837,11.31006862,-12.77990203,19.21988505,3.651998181,-8.228965158,14.29432396,43.81385732,-8.126147782,145,Major,4_kal,12.375406,-69.159081
2795589,DMadr22-6918,Madracis,-,DH0621_MMIR_KAL,mmir_kal_026,Playa Kalki,K26,-35.95032457,9.310288676,-12.23136358,18.38137187,4.055675697,-7.910803585,14.91708921,45.03362452,-7.775371588,145,Major,4_kal,12.375406,-69.159081
2795677,DMadr22-6918,Madracis,-,DH0622_MMIR_KAL,mmir_kal_027,Playa Kalki,K27,-35.78057472,7.255091166,-10.85849769,17.58636352,3.729317516,-7.551592595,14.5054106,46.18926434,-7.238989157,145,Major,4_kal,12.375406,-69.159081
2795678,DMadr22-6918,Madracis,-,DH0623_MMIR_KAL,mmir_kal_028,Playa Kalki,,,,,,,,,,,0,Major,NA,12.375406,-69.159081
2795679,DMadr22-6918,Madracis,-,DH0624_MMIR_KAL,mmir_kal_029,Playa Kalki,,,,,,,,,,,145,Major,NA,12.375406,-69.159081
2795682,DMadr22-6918,Madracis,-,DH0627_MMIR_KAL,mmir_kal_032,Playa Kalki,K32,-39.46304879,18.27112468,-13.59570998,21.57474976,5.783504829,-7.492459443,17.48478339,40.47022003,-7.346218066,36,Major,20_kal,12.375406,-69.159081
2795683,DMadr22-6918,Madracis,-,DH0628_MMIR_KAL,mmir_kal_033,Playa Kalki,K33,-39.69814229,15.25513256,-12.82520846,20.4201162,5.648772249,-7.330483312,17.30939253,42.13533805,-7.138613067,35,Major,4_kal,12.375406,-69.159081
2795772,DMadr22-6918,Madracis,-,DH0630_MMIR_KAL,mmir_kal_035,Playa Kalki,,,,,,,,,,,35,Major,NA,12.375406,-69.159081
2795773,DMadr22-6918,Madracis,-,DH0631_MMIR_KAL,mmir_kal_036,Playa Kalki,,,,,,,,,,,40,Major,NA,12.375406,-69.159081
2795774,DMadr22-6918,Madracis,-,DH0632_MMIR_KAL,mmir_kal_037,Playa Kalki,,,,,,,,,,,40,Major,NA,12.375406,-69.159081
2795775,DMadr22-6918,Madracis,-,DH0633_MMIR_KAL,mmir_kal_038,Playa Kalki,,,,,,,,,,,36,Major,NA,12.375406,-69.159081
2795776,DMadr22-6918,Madracis,-,DH0634_MMIR_KAL,mmir_kal_039,Playa Kalki,,,,,,,,,,,36,Major,NA,12.375406,-69.159081
2795777,DMadr22-6918,Madracis,-,DH0635_MMIR_KAL,mmir_kal_040,Playa Kalki,,,,,,,,,,,0,Major,NA,12.375406,-69.159081
2795778,DMadr22-6918,Madracis,-,DH0636_MMIR_KAL,mmir_kal_041,Playa Kalki,K41,-40.66629054,26.43406848,-14.46886017,24.572707,6.613410532,-7.257456394,18.7377135,36.17598936,-7.03240574,33,Major,36_kal,12.375406,-69.159081
2795779,DMadr22-6918,Madracis,-,DH0637_MMIR_KAL,mmir_kal_042,Playa Kalki,K42,-41.6991,27.4336,-14.7514,27.922,8.256,-6.944,,,,33,Major,NA,12.375406,-69.159081
2795400,DMadr22-6918,Madracis,-,DH0638_MMIR_KAL,mmir_kal_051,Playa Kalki,,,,,,,,,,,23,Major,NA,12.375406,-69.159081
2795401,DMadr22-6918,Madracis,-,DH0639_MMIR_KAL,mmir_kal_052,Playa Kalki,,,,,,,,,,,21,Major,NA,12.375406,-69.159081
2795402,DMadr22-6918,Madracis,-,DH0640_MMIR_KAL,mmir_kal_053,Playa Kalki,,,,,,,,,,,0,Major,NA,12.375406,-69.159081
2795403,DMadr22-6918,Madracis,-,DH0641_MMIR_KAL,mmir_kal_054,Playa Kalki,,,,,,,,,,,151,Major,NA,12.375406,-69.159081
2795404,DMadr22-6918,Madracis,-,DH0642_MMIR_KAL,mmir_kal_055,Playa Kalki,,,,,,,,,,,151,Major,NA,12.375406,-69.159081
2795405,DMadr22-6918,Madracis,-,DH0643_MMIR_KAL,mmir_kal_056,Playa Kalki,,,,,,,,,,,151,Major,NA,12.375406,-69.159081
2795406,DMadr22-6918,Madracis,-,DH0644_MMIR_KAL,mmir_kal_057,Playa Kalki,,,,,,,,,,,151,Major,NA,12.375406,-69.159081
2795407,DMadr22-6918,Madracis,-,DH0645_MMIR_KAL,mmir_kal_058,Playa Kalki,K58,26.99860506,17.89521538,-17.45821364,24.86559272,-16.70346356,-17.98250409,-16.3753433,35.20774616,-18.31943602,136,Major,50_kal,12.375406,-69.159081
2794524,DMadr22-6918,Madracis,-,DH0646_MMIR_KAL,mmir_kal_059,Playa Kalki,K59,24.44253774,18.75190854,-15.99576857,25.01368837,-15.99514974,-17.0847257,-15.20916113,35.03514082,-17.15423781,136,Major,49_kal,12.375406,-69.159081
2794525,DMadr22-6918,Madracis,-,DH0647_MMIR_KAL,mmir_kal_060,Playa Kalki,K60,28.36474332,28.8091398,-15.70420233,28.93738094,-17.03871444,-17.06342345,-16.65792294,29.39345987,-16.78641038,135,Major,52_kal,12.375406,-69.159081
2794526,DMadr22-6918,Madracis,-,DH0648_MMIR_KAL,mmir_kal_061,Playa Kalki,K61,19.4501357,31.23091507,-16.37853029,29.41166132,-13.76933494,-15.96186829,-11.79864411,28.77216672,-15.75686916,152,Major,54_kal,12.375406,-69.159081
2794527,DMadr22-6918,Madracis,-,DH0649_MMIR_KAL,mmir_kal_062,Playa Kalki,K62,17.03848345,30.45818531,-14.71955504,28.95589985,-13.19666239,-15.09012345,-10.83619353,29.46553781,-14.62990061,152,Major,55_kal,12.375406,-69.159081
2794528,DMadr22-6918,Madracis,-,DH0650_MMIR_KAL,mmir_kal_063,Playa Kalki,K63,17.44661014,31.94550627,-14.85345676,29.5327274,-13.26633384,-15.1247723,-10.93613627,28.63496962,-14.64409624,152,Major,53_kal,12.375406,-69.159081
2794529,DMadr22-6918,Madracis,-,DH0651_MMIR_KAL,mmir_kal_064,Playa Kalki,K64,13.90230514,30.74645347,-12.41764917,28.83942599,-12.42661867,-13.84730422,-9.525255031,29.68757601,-12.99373326,152,Major,53_kal,12.375406,-69.159081
2794530,DMadr22-6918,Madracis,-,DH0652_MMIR_KAL,mmir_kal_065,Playa Kalki,K65,14.8955784,33.00972691,-13.43686283,29.75950748,-12.54590659,-14.23412186,-9.753147233,28.34906638,-13.48797048,152,Major,53_kal,12.375406,-69.159081
2794531,DMadr22-6918,Madracis,-,DH0653_MMIR_KAL,mmir_kal_066,Playa Kalki,K66,15.43079234,34.90450585,-14.98598638,30.53524371,-12.44442339,-14.75868418,-9.690931278,27.21328841,-14.22242998,152,Major,53_kal,12.375406,-69.159081
2795495,DMadr22-6918,Madracis,-,DH0654_MMIR_KAL,mmir_kal_067,Playa Kalki,K67,10.41684912,34.00171747,-15.09842682,29.95280133,-10.72369749,-14.14992921,-7.136280103,28.08305213,-13.67278781,152,Major,59_kal,12.375406,-69.159081
2795496,DMadr22-6918,Madracis,-,DH0655_MMIR_KAL,mmir_kal_068,Playa Kalki,K68,12.17974401,32.26750445,-14.8724988,29.38996022,-11.42784378,-14.39294577,-8.188178504,28.87858073,-13.92134617,152,Major,57_kal,12.375406,-69.159081
2795497,DMadr22-6918,Madracis,-,DH0656_MMIR_KAL,mmir_kal_069,Playa Kalki,K69,10.81842535,30.31306396,-13.22408278,28.5479262,-11.25937233,-13.72313728,-7.840847159,30.11682566,-13.02868166,152,Major,56_kal,12.375406,-69.159081
2795498,DMadr22-6918,Madracis,-,DH0657_MMIR_KAL,mmir_kal_070,Playa Kalki,K70,7.096432812,22.53006114,-12.73714879,25.45647037,-10.31499128,-13.39801452,-6.466418396,34.57651172,-12.85168765,202,Minor,44_kal,12.375406,-69.159081
2795499,DMadr22-6918,Madracis,-,DH0658_MMIR_KAL,mmir_kal_071,Playa Kalki,K71,6.989738555,24.50608011,-11.97101032,26.16295679,-10.31668013,-13.02731854,-6.398632377,33.57664496,-12.29404766,202,Minor,44_kal,12.375406,-69.159081
2795500,DMadr22-6918,Madracis,-,DH0659_MMIR_KAL,mmir_kal_072,Playa Kalki,K72,8.641670393,30.09875393,-12.32273584,28.33340079,-10.64081365,-13.1210592,-6.856864682,30.45267255,-12.28456329,152,Major,58_kal,12.375406,-69.159081
2795501,DMadr22-6918,Madracis,-,DH0660_MMIR_KAL,mmir_kal_073,Playa Kalki,K73,8.829545283,32.95741078,-12.48929834,29.40964807,-10.58096417,-13.07417586,-6.75328013,28.90844898,-12.18451834,152,Major,58_kal,12.375406,-69.159081
2795502,DMadr22-6918,Madracis,-,DH0661_MMIR_KAL,mmir_kal_074,Playa Kalki,K74,7.580041656,36.08393113,-13.94442014,30.55115128,-9.830960846,-13.26465157,-5.70479806,27.2638112,-12.53890405,0,Minor,60_kal,12.375406,-69.159081
2795590,DMadr22-6918,Madracis,-,DH0662_MMIR_KAL,mmir_kal_075,Playa Kalki,K75,6.342207334,30.4022865,-13.12590331,28.35474177,-9.719628882,-13.06990859,-5.533201696,30.42828879,-12.36882392,152,Major,58_kal,12.375406,-69.159081
2795591,DMadr22-6918,Madracis,-,DH0663_MMIR_KAL,mmir_kal_076,Playa Kalki,K76,1.557216081,24.3128086,-13.94522922,25.87739551,-8.16174308,-12.97465197,-3.316815816,33.99889148,-12.60026758,0,Major,43_kal,12.375406,-69.159081
2795592,DMadr22-6918,Madracis,-,DH0664_MMIR_KAL,mmir_kal_077,Playa Kalki,K77,-4.958144531,36.48647576,-12.53557358,30.03373131,-5.673453244,-11.03453062,0.60612158,28.11797051,-10.0917764,0,Major,67_kal,12.375406,-69.159081
2795593,DMadr22-6918,Madracis,-,DH0665_MMIR_KAL,mmir_kal_078,Playa Kalki,K78,-5.271504413,38.97069656,-11.90888032,30.92276059,-5.56576748,-10.66062185,0.83227376,26.85644152,-9.540957387,0,Major,65_kal,12.375406,-69.159081
2795594,DMadr22-6918,Madracis,-,DH0666_MMIR_KAL,mmir_kal_079,Playa Kalki,K79,-8.52120568,36.90689956,-13.35433949,30.03586773,-4.30821867,-10.80982182,2.593093105,28.13034186,-10.00541953,156,Major,68_kal,12.375406,-69.159081
2795595,DMadr22-6918,Madracis,-,DH0667_MMIR_KAL,mmir_kal_080,Playa Kalki,K80,-9.481676793,24.7252281,-10.31369453,25.3738061,-4.838491892,-10.17888003,1.900567334,34.85269762,-9.202441077,143,Major,42_kal,12.375406,-69.159081
2795596,DMadr22-6918,Madracis,-,DH0668_MMIR_KAL,mmir_kal_081,Playa Kalki,K81,-13.85838637,24.82802029,-8.911279001,25.15267192,-3.517730843,-9.086165307,3.970760498,35.22143121,-7.879152698,144,Major,41_kal,12.375406,-69.159081
2795597,DMadr22-6918,Madracis,-,DH0669_MMIR_KAL,mmir_kal_082,Playa Kalki,K82,-14.98353752,26.28493361,-9.46052026,25.6537424,-2.998458631,-9.055623568,4.721806528,34.50506944,-7.90447841,144,Major,41_kal,12.375406,-69.159081
2795685,DMadr22-6918,Madracis,-,DH0670_MMIR_KAL,mmir_kal_083,Playa Kalki,K83,-11.23132738,40.43754513,-13.0914158,31.20458396,-3.281644159,-10.18501938,4.17630385,26.48143695,-9.243085412,0,Major,66_kal,12.375406,-69.159081
2795686,DMadr22-6918,Madracis,-,DH0671_MMIR_KAL,mmir_kal_084,Playa Kalki,K84,-11.91676081,37.46873626,-13.43324926,30.07737014,-3.10093721,-10.34496193,4.396175303,28.09532568,-9.547763276,156,Major,69_kal,12.375406,-69.159081
2795687,DMadr22-6918,Madracis,-,DH0672_MMIR_KAL,mmir_kal_085,Playa Kalki,K85,-15.89413512,40.99464068,-13.25848883,31.18362364,-1.623064571,-9.576829796,6.647450171,26.5441199,-8.660925681,156,Major,70_kal,12.375406,-69.159081
2795688,DMadr22-6918,Madracis,-,DH0673_MMIR_KAL,mmir_kal_086,Playa Kalki,K89,-31.5667631,37.77079409,-15.37229027,29.26500078,3.991325547,-8.303814312,14.86033927,29.37880088,-7.885793791,156,Major,77_kal,12.375406,-69.159081
2795689,DMadr22-6918,Madracis,-,DH0674_MMIR_KAL,mmir_kal_087,Playa Kalki,K90,-32.38133219,38.31226372,-15.76157966,29.43682509,4.347887717,-8.302239424,15.37110415,29.13359224,-7.937806378,0,Major,77_kal,12.375406,-69.159081
2795690,DMadr22-6918,Madracis,-,DH0675_MMIR_KAL,mmir_kal_088,Playa Kalki,K91,-34.50632646,37.83081438,-15.25939126,29.13725611,4.995667796,-7.857967371,16.36893874,29.58526792,-7.427263143,0,Major,77_kal,12.375406,-69.159081
2795781,DMadr22-6918,Madracis,-,DH0679_MMIR_KAL,mmir_kal_092,Playa Kalki,K92,-39.87265558,29.70159145,-14.89665418,25.83869758,6.514974435,-7.365789568,18.59057527,34.3520191,-7.11897268,33,Major,39_kal,12.375406,-69.159081
2795782,DMadr22-6918,Madracis,-,DH0680_MMIR_KAL,mmir_kal_093,Playa Kalki,K93,-42.49592561,35.20509743,-16.62844742,27.80274242,7.864309974,-7.354985218,20.53665781,31.53650319,-7.255873463,29,Major,38_kal,12.375406,-69.159081
2795783,DMadr22-6918,Madracis,-,DH0681_MMIR_KAL,mmir_kal_094,Playa Kalki,K94,-44.99057,33.6206543,-17.0498199,27.10182503,8.732045047,-7.230723098,21.7897721,32.55267906,-7.255805886,29,Major,38_kal,12.375406,-69.159081
2795784,DMadr22-6918,Madracis,-,DH0682_MMIR_KAL,mmir_kal_095,Playa Kalki,K95,-42.94187091,45.10145126,-16.50111074,31.45336836,8.351413328,-6.79777074,21.36172664,26.31619221,-6.397219674,160,Major,79_kal,12.375406,-69.159081
2795785,DMadr22-6918,Madracis,-,DH0683_MMIR_KAL,mmir_kal_096,Playa Kalki,,,,,,,,,,,27,Major,63_kal,12.375406,-69.159081
2795786,DMadr22-6918,Madracis,-,DH0684_MMIR_KAL,mmir_kal_097,Playa Kalki,K97,27.6283,39.8448,-18.8468,30.9831,-11.4026,-12.9807,-7.490728573,22.5968631,-13.34822066,0,Major,64_kal,12.375406,-69.159081
2795787,DMadr22-6918,Madracis,-,DH0685_MMIR_KAL,mmir_kal_098,Playa Kalki,K98,16.8333,38.194,-16.1041,30.5784,-10.8923,-12.4468,-6.815806625,24.08330907,-12.5909054,135,Major,62_kal,12.375406,-69.159081
2795800,DMadr22-6918,Madracis,-,DH0686_MMIR_KAL,mmir_kal_105,Playa Kalki,K105,8.796508428,40.03144791,-12.41482008,32.03390753,-10.3294036,-12.72087528,-6.308990166,25.15342533,-11.61776594,152,Major,62_kal,12.375406,-69.159081
2795801,DMadr22-6918,Madracis,-,DH0687_MMIR_KAL,mmir_kal_106,Playa Kalki,K106,3.657618015,39.4073951,-13.79160468,31.5855782,-8.376183587,-12.52092586,-3.491344363,25.81470083,-11.6858199,0,Major,61_kal,12.375406,-69.159081
2795408,DMadr22-6918,Madracis,-,DH0688_MMIR_KAL,mmir_kal_107,Playa Kalki,K107,-1.978898885,57.82355257,-14.5960715,38.16937905,-5.657046412,-11.18485934,0.680357325,16.42199653,-9.980739373,163,Major,104_kal,12.375406,-69.159081
2795409,DMadr22-6918,Madracis,-,DH0689_MMIR_KAL,mmir_kal_108,Playa Kalki,K108,-4.179706217,58.29909013,-12.13475823,38.16453638,-5.226978208,-10.00671277,1.49605519,16.47943122,-8.373983346,163,Major,104_kal,12.375406,-69.159081
2795410,DMadr22-6918,Madracis,-,DH0690_MMIR_KAL,mmir_kal_109,Playa Kalki,K109,-10.39835369,44.9856523,-13.55327477,32.94927995,-3.343495106,-10.25212132,4.092953631,23.971494,-9.257791931,156,Major,73_kal,12.375406,-69.159081
2795411,DMadr22-6918,Madracis,-,DH0691_MMIR_KAL,mmir_kal_110,Playa Kalki,K110,-11.6494344,45.08217708,-14.18239185,32.94099004,-2.81748051,-10.29408993,4.836397206,23.98405999,-9.408274242,156,Major,73_kal,12.375406,-69.159081
2795412,DMadr22-6918,Madracis,-,DH0692_MMIR_KAL,mmir_kal_111,Playa Kalki,K111,-14.41477785,45.97744514,-13.00831206,33.10136128,-1.994406866,-9.465849638,6.154557192,23.79147189,-8.361479773,156,Major,74_kal,12.375406,-69.159081
2795413,DMadr22-6918,Madracis,-,DH0693_MMIR_KAL,mmir_kal_112,Playa Kalki,K112,-11.4629901,53.27006756,-13.85067951,35.98252821,-2.638960629,-9.830848834,5.199219681,19.63365922,-8.655304684,164,Major,102_kal,12.375406,-69.159081
2795414,DMadr22-6918,Madracis,-,DH0694_MMIR_KAL,mmir_kal_113,Playa Kalki,K113,-13.92662246,56.54260656,-13.92123255,37.07736677,-1.659612672,-9.367408206,6.68667335,18.08404633,-8.118047815,164,Major,103_kal,12.375406,-69.159081
2795415,DMadr22-6918,Madracis,-,DH0695_MMIR_KAL,mmir_kal_114,Playa Kalki,K114,-12.71547647,53.45290677,-13.81306282,35.98682995,-2.203970918,-9.637342678,5.853238676,19.63741949,-8.453725644,164,Major,101_kal,12.375406,-69.159081
2794532,DMadr22-6918,Madracis,-,DH0696_MMIR_KAL,mmir_kal_115,Playa Kalki,K115,-14.39721605,51.05028909,-13.89298002,35.01259866,-1.695242197,-9.543655248,6.586173165,21.04342562,-8.44669313,165,Major,76_kal,12.375406,-69.159081
2794533,DMadr22-6918,Madracis,-,DH0697_MMIR_KAL,mmir_kal_116,Playa Kalki,K116,-15.7889929,41.02104249,-13.3025846,31.19996476,-1.652294359,-9.605372719,6.600995047,26.51933174,-8.695969532,156,Major,70_kal,12.375406,-69.159081
2794534,DMadr22-6918,Madracis,-,DH0698_MMIR_KAL,mmir_kal_117,Playa Kalki,K117,-18.22018958,42.10878152,-13.74349826,31.49552645,-0.709071517,-9.374628572,7.989478051,26.10842618,-8.516735608,156,Major,71_kal,12.375406,-69.159081
2794535,DMadr22-6918,Madracis,-,DH0699_MMIR_KAL,mmir_kal_118,Playa Kalki,K118,-18.95746631,45.88295488,-11.74516957,32.80270167,-0.603389109,-8.407657511,8.318371359,24.27049565,-7.102627804,156,Major,72_kal,12.375406,-69.159081
2794536,DMadr22-6918,Madracis,-,DH0700_MMIR_KAL,mmir_kal_119,Playa Kalki,K119,-15.24941186,43.75599757,-9.773278329,32.14024855,-2.242882639,-8.330082478,5.985585486,25.21812113,-6.737321105,156,Major,71_kal,12.375406,-69.159081
2794537,DMadr22-6918,Madracis,-,DH0701_MMIR_KAL,mmir_kal_120,Playa Kalki,K120,-18.45768214,43.41136839,-10.42658222,31.87105722,-1.051123711,-8.131638394,9.123954108,19.59221585,-7.789464098,156,Major,99_kal,12.375406,-69.159081
2794538,DMadr22-6918,Madracis,-,DH0702_MMIR_KAL,mmir_kal_121,Playa Kalki,K121,-17.26523208,49.66742056,-12.82506608,34.32458306,-0.902275129,-8.842136908,8.399172289,24.30076798,-7.137866832,165,Major,72_kal,12.375406,-69.159081
2794539,DMadr22-6918,Madracis,-,DH0703_MMIR_KAL,mmir_kal_122,Playa Kalki,K122,-17.29031036,54.90340898,-13.47264673,36.28740119,-0.616187951,-8.824372018,11.54965229,24.41889596,-8.283331888,165,Major,78_kal,12.375406,-69.159081
2795506,DMadr22-6918,Madracis,-,DH0707_MMIR_KAL,mmir_kal_126,Playa Kalki,K126,-24.17783972,45.99826365,-15.39601636,32.69116974,1.726812522,-8.951808586,11.06328103,25.35953661,-8.165859521,166,Major,78_kal,12.375406,-69.159081
2795508,DMadr22-6918,Madracis,-,DH0709_MMIR_KAL,mmir_kal_128,Playa Kalki,K128,-26.85502465,44.42710994,-15.39862328,31.97388831,2.598850041,-8.656554261,12.83806467,25.46564748,-8.040723268,166,Major,78_kal,12.375406,-69.159081
2795509,DMadr22-6918,Madracis,-,DH0710_MMIR_KAL,mmir_kal_129,Playa Kalki,K129,-26.132474,46.59623897,-14.57903791,32.79196138,2.309183025,-8.372447145,12.48106213,24.30057406,-7.55268615,166,Major,78_kal,12.375406,-69.159081
2795510,DMadr22-6918,Madracis,-,DH0711_MMIR_KAL,mmir_kal_130,Playa Kalki,K130,-25.42391674,48.75015556,-15.64418312,33.65853812,2.291157016,-8.741070333,12.40030384,23.04015192,-8.040504693,166,Major,78_kal,12.375406,-69.159081
2795598,DMadr22-6918,Madracis,-,DH0712_MMIR_KAL,mmir_kal_131,Playa Kalki,K131,-30.38096304,54.0170211,-16.09344289,35.38082814,4.25858214,-7.975367426,15.35563978,20.60590055,-7.216289675,167,Major,85_kal,12.375406,-69.159081
2795599,DMadr22-6918,Madracis,-,DH0713_MMIR_KAL,mmir_kal_132,Playa Kalki,K132,-31.28852408,56.88565394,-14.11137925,36.34355786,4.393466583,-7.031977216,15.71892465,19.26205392,-5.85473438,0,Major,86_kal,12.375406,-69.159081
2795600,DMadr22-6918,Madracis,-,DH0714_MMIR_KAL,mmir_kal_133,Playa Kalki,K133,-29.67227845,60.21047226,-15.71969988,37.70626134,4.179566119,-7.660348164,15.31876299,17.27717643,-6.659475394,0,Minor,87_kal,12.375406,-69.159081
2795601,DMadr22-6918,Madracis,-,DH0715_MMIR_KAL,mmir_kal_134,Playa Kalki,K134,-33.56569794,56.26574247,-15.89054136,36.0513485,5.412643267,-7.364691189,17.11368489,19.67283333,-6.516092159,167,Major,85_kal,12.375406,-69.159081
2795602,DMadr22-6918,Madracis,-,DH0716_MMIR_KAL,mmir_kal_135,Playa Kalki,K135,-34.7990752,54.29071846,-16.47197252,35.2729532,5.852352738,-7.487109481,17.71291508,20.78823477,-6.797610942,167,Major,85_kal,12.375406,-69.159081
2795603,DMadr22-6918,Madracis,-,DH0717_MMIR_KAL,mmir_kal_136,Playa Kalki,K136,-36.35658651,55.15868449,-16.86569717,35.52911211,6.478460162,-7.37007969,18.62895418,20.4278252,-6.727770116,23,Major,85_kal,12.375406,-69.159081
2795604,DMadr22-6918,Madracis,-,DH0718_MMIR_KAL,mmir_kal_137,Playa Kalki,K137,-38.09978339,49.3943079,-16.43906381,33.28814226,6.817497156,-7.245644671,19.90332518,23.70303248,-6.766094693,167,Major,82_kal,12.375406,-69.159081
2795605,DMadr22-6918,Madracis,-,DH0719_MMIR_KAL,mmir_kal_138,Playa Kalki,K138,-39.48191001,49.45631672,-16.93660845,33.25665755,7.3690189,-7.225528843,21.06123017,25.83439496,-6.237783925,167,Major,79_kal,12.375406,-69.159081
2795693,DMadr22-6918,Madracis,-,DH0720_MMIR_KAL,mmir_kal_139,Playa Kalki,K139,-42.35274542,45.95532349,-16.162417,31.79014502,8.129565074,-6.722227175,18.15454558,17.46864024,-6.175558279,160,Major,88_kal,12.375406,-69.159081
2795695,DMadr22-6918,Madracis,-,DH0722_MMIR_KAL,mmir_kal_141,Playa Kalki,K141,-36.02063435,63.94607891,-16.58619524,38.80235576,6.633842428,-6.918132307,18.9590005,15.74392411,-5.977590969,167,Major,90_kal,12.375406,-69.159081
2795696,DMadr22-6918,Madracis,-,DH0723_MMIR_KAL,mmir_kal_142,Playa Kalki,K142,"-37.6041, ","64.0975, ",-17.1936,,,,,,,22,Major,NA,12.375406,-69.159081
2795697,DMadr22-6918,Madracis,-,DH0724_MMIR_KAL,mmir_kal_143,Playa Kalki,K143,-38.94641919,60.8454907,-16.56365904,37.50373085,7.534227361,-6.649809347,21.57912302,17.83953823,-5.440140721,167,Major,89_kal,12.375406,-69.159081
2795698,DMadr22-6918,Madracis,-,DH0725_MMIR_KAL,mmir_kal_144,Playa Kalki,K146,-42.34741424,58.99769451,-17.47548777,36.67400021,8.776145954,-6.583201863,22.05382469,18.82559296,-5.953327137,22,Major,89_kal,12.375406,-69.159081
2795788,DMadr22-6918,Madracis,-,DH0728_MMIR_KAL,mmir_kal_147,Playa Kalki,K147,-41.61839903,56.04010711,-16.17807425,35.57386205,8.23478952,-6.368214041,21.30770999,20.41274956,-5.598110872,25,Major,84_kal,12.375406,-69.159081
2795789,DMadr22-6918,Madracis,-,DH0729_MMIR_KAL,mmir_kal_148,Playa Kalki,K148,-36.08815215,53.46147974,-16.77724895,34.90941064,6.312788658,-7.453751206,18.37233456,21.31405772,-6.843712472,167,Major,85_kal,12.375406,-69.159081
2795790,DMadr22-6918,Madracis,-,DH0730_MMIR_KAL,mmir_kal_149,Playa Kalki,K149,9.781513035,67.40805509,-14.58967418,42.31706825,-9.391973897,-12.36115366,-4.812641065,10.3969393,-10.8504876,0,Major,111_kal,12.375406,-69.159081
2795791,DMadr22-6918,Madracis,-,DH0731_MMIR_KAL,mmir_kal_150,Playa Kalki,K150,-0.713256604,74.25248617,-17.43521083,44.41871249,-5.110553332,-11.59393687,1.449006832,7.428151933,-10.40593262,0,Major,113_kal,12.375406,-69.159081
2795792,DMadr22-6918,Madracis,-,DH0732_MMIR_KAL,mmir_kal_151,Playa Kalki,K151,-2.788780925,71.58972748,-15.81844639,43.27879575,-4.715300721,-10.86930335,2.126588948,9.097700874,-9.485995274,0,Major,110_kal,12.375406,-69.159081
2795793,DMadr22-6918,Madracis,-,DH0733_MMIR_KAL,mmir_kal_152,Playa Kalki,K152,-6.102625224,67.38021557,-16.0945587,41.55751265,-3.677432643,-10.70190092,3.620302504,11.58255588,-9.494758238,172,Major,108_kal,12.375406,-69.159081
2795794,DMadr22-6918,Madracis,-,DH0734_MMIR_KAL,mmir_kal_153,Playa Kalki,K153,-7.615091116,71.10794865,-16.43636524,42.87684183,-2.972951604,-10.44250268,4.682608487,9.700729644,-9.192358966,172,Major,109_kal,12.375406,-69.159081
2795795,DMadr22-6918,Madracis,-,DH0735_MMIR_KAL,mmir_kal_154,Playa Kalki,K154,-9.155901077,68.69546234,-15.84298627,41.88638427,-2.608890221,-10.13501278,6.217269642,10.86393971,-8.69119282,172,Major,109_kal,12.375406,-69.159081
2794544,DMadr22-6918,Madracis,-,DH0736_MMIR_KAL,mmir_kal_155,Playa Kalki,K155,-10.87911371,69.44249157,-16.07892388,42.08474905,-1.952052223,-9.945985552,5.908816104,9.777772729,-8.494837276,172,Major,109_kal,12.375406,-69.159081
2794545,DMadr22-6918,Madracis,-,DH0737_MMIR_KAL,mmir_kal_156,Playa Kalki,K156,-10.12951552,71.40432558,-15.78560305,42.84247684,-2.183787913,-9.857659659,10.04415747,14.86203305,-7.183587073,172,Major,106_kal,12.375406,-69.159081
2795512,DMadr22-6918,Madracis,-,DH0739_MMIR_KAL,mmir_kal_158,Playa Kalki,K158,-17.14995087,66.50810861,-15.82724203,40.67420104,0.080405677,-9.130914139,9.244388819,12.93349286,-7.934134529,173,Major,107_kal,12.375406,-69.159081
2795513,DMadr22-6918,Madracis,-,DH0740_MMIR_KAL,mmir_kal_159,Playa Kalki,K159,-16.80790413,69.00322332,-16.27867178,41.6313766,0.114375128,-9.220653583,9.286496903,11.55461494,-8.0293611,173,Major,107_kal,12.375406,-69.159081
2795514,DMadr22-6918,Madracis,-,DH0741_MMIR_KAL,mmir_kal_160,Playa Kalki,K160,-15.59489761,70.91075355,-16.01979425,42.39306799,-0.274918448,-9.210435865,8.739828241,10.45882169,-7.917235657,173,Major,107_kal,12.375406,-69.159081
2795515,DMadr22-6918,Madracis,-,DH0742_MMIR_KAL,mmir_kal_161,Playa Kalki,K161,-18.94199442,74.37392433,-17.14711368,43.54537795,1.167099542,-8.983567813,10.8475813,8.818981685,-7.79456075,173,Major,112_kal,12.375406,-69.159081
2795516,DMadr22-6918,Madracis,-,DH0743_MMIR_KAL,mmir_kal_162,Playa Kalki,K162,-20.11534181,72.88017839,-17.18463103,42.93294905,1.525920807,-8.903539645,11.36763587,9.703883545,-7.766687038,173,Major,112_kal,12.375406,-69.159081
2795416,DMadr22-6918,Madracis,-,DH0744_MMIR_KAL,mmir_kal_163,Playa Kalki,K163,-20.63929265,68.66130182,-16.25577695,41.31240185,1.426157593,-8.701835841,11.24457651,12.04025303,-7.527209384,173,Major,107_kal,12.375406,-69.159081
2795417,DMadr22-6918,Madracis,-,DH0745_MMIR_KAL,mmir_kal_164,Playa Kalki,K164,-20.41769858,67.13551769,-16.19984602,40.75499279,1.287397888,-8.782528581,11.02746184,12.83722418,-7.641006982,0,Major,107_kal,12.375406,-69.159081
2795418,DMadr22-6918,Madracis,-,DH0746_MMIR_KAL,mmir_kal_165,Playa Kalki,K165,-22.89642444,63.72820928,-14.84782567,39.32604375,1.833481863,-8.128337712,11.90551063,14.91985634,-6.859113689,0,Major,105_kal,12.375406,-69.159081
2795419,DMadr22-6918,Madracis,-,DH0747_MMIR_KAL,mmir_kal_166,Playa Kalki,K166,-29.34093919,69.28271905,-17.80947746,41.15405657,4.682702559,-8.016850093,16.0081735,12.3107431,-7.115278664,176,Major,94_kal,12.375406,-69.159081
2795420,DMadr22-6918,Madracis,-,DH0748_MMIR_KAL,mmir_kal_167,Playa Kalki,K167,-27.33090412,87.06326741,-18.6003666,47.88307922,4.728717083,-7.755821311,16.18193818,2.652982435,-6.479239027,0,Major,98_kal,12.375406,-69.159081
2795421,DMadr22-6918,Madracis,-,DH0749_MMIR_KAL,mmir_kal_168,Playa Kalki,K168,-29.97100097,73.09854954,-18.01512454,42.54620581,5.065338347,-7.827439751,16.59983742,10.31994306,-6.854551237,176,Major,96_kal,12.375406,-69.159081
2794540,DMadr22-6918,Madracis,-,DH0750_MMIR_KAL,mmir_kal_169,Playa Kalki,K169,-32.45682431,71.8936684,-18.2793553,41.98216641,5.921179162,-7.632538736,17.84937413,11.14229898,-6.746144251,176,Major,95_kal,12.375406,-69.159081
2794541,DMadr22-6918,Madracis,-,DH0751_MMIR_KAL,mmir_kal_170,Playa Kalki,K170,-36.9658,66.1241,-17.6703,39.586,7.184,-7.071,,,,22,Major,NA,12.375406,-69.159081
2794542,DMadr22-6918,Madracis,-,DH0752_MMIR_KAL,mmir_kal_171,Playa Kalki,,,,,,,,,,,21,Major,NA,12.375406,-69.159081
2794543,DMadr22-6918,Madracis,-,DH0753_MMIR_KAL,mmir_kal_172,Playa Kalki,,,,,,,,,,,2,Major,NA,12.375406,-69.159081
3705761,DMadr24-8994,Madracis,-,DX0054_MMIR_SNA,DX0054_MMIR_SNA_SHA,Snake Bay,,,,,,,,,,,13,Major,NA,12.138986,-68.997639
3705762,DMadr24-8994,Madracis,-,DX0114_MMIR_KAL,DX0114_MMIR_KAL_SHA,Playa Kalki,,,,,,,,,,,36,Major,NA,12.375406,-69.159081
2794496,DMadr22-6918,Madracis,-,DX0452_MMIR_SNA,mmir_sna_533_2,Snake Bay,,,,,,,,,,,9,Major,NA,12.138986,-68.997639
2794498,DMadr22-6918,Madracis,-,DX0453_MMIR_SNA,mmir_sna_534_2,Snake Bay,,,,,,,,,,,109,Major,NA,12.138986,-68.997639
2795463,DMadr22-6918,Madracis,-,DX0454_MMIR_SNA,mmir_sna_535_2,Snake Bay,,,,,,,,,,,18,Major,NA,12.138986,-68.997639